
**************************************************************
 Geant4 version Name: geant4-11-04-patch-02 [MT]   (12-June-2026)
  << in Multi-threaded mode >> 
                       Copyright : Geant4 Collaboration
                      References : NIM A 506 (2003), 250-303
                                 : IEEE-TNS 53 (2006), 270-278
                                 : NIM A 835 (2016), 186-225
                             WWW : http://geant4.org/
**************************************************************

[WRAP] threads: 512 of 512 cores  (RADSIMPLE_THREADS)
<<< Geant4 Physics List simulation engine: FTFP_BERT

G4VModularPhysicsList::ReplacePhysics: G4EmStandard with type : 2 is replaced with G4EmStandard_opt4
[WRAP] optical photons: ON
Visualization Manager instantiating with verbosity "warnings (3)"...
Visualization Manager initialising...
Registering graphics systems...

You have successfully registered the following graphics systems.
Registered graphics systems are:
  ASCIITree (ATree)
  DAWNFILE (DAWNFILE)
  RayTracer (RT)
  VRML2FILE (VRML2FILE)
  gMocrenFile (gMocrenFile)
  TOOLSSG_OFFSCREEN (TSG_OFFSCREEN, TSG_FILE)
  RayTracerX (RTX)
  RayTracerQt (RTQt)
  TOOLSSG_X11_GLES (TSG_X11_GLES, TSGX11, TSG_QT_GLES_FALLBACK)
  TOOLSSG_X11_ZB (TSG_X11_ZB, TSGX11ZB)
  TOOLSSG_QT_GLES (TSG_QT_GLES, TSGQt, TSG, OGL)
  TOOLSSG_QT_ZB (TSG_QT_ZB, TSGQtZB, TSGZB)
You may choose a graphics system (driver) with a parameter of
the command "/vis/open" or "/vis/sceneHandler/create",
or you may omit the driver parameter and choose at run time:
- by argument in the construction of G4VisExecutive;
- by environment variable "G4VIS_DEFAULT_DRIVER";
- by entry in "~/.g4session";
- by build flags.
- Note: This feature is not allowed in batch mode.
For further information see "examples/basic/B1/exampleB1.cc"
and "vis.mac".

Registering model factories...

You have successfully registered the following model factories.
Registered model factories:
  generic
  drawByAttribute
  drawByCharge
  drawByOriginVolume
  drawByParticleID
  drawByEncounteredVolume

Registered models:
  None

Registered filter factories:
  attributeFilter
  chargeFilter
  originVolumeFilter
  particleFilter
  encounteredVolumeFilter

Registered filters:
  None

You have successfully registered the following user vis actions.
Run Duration User Vis Actions: none
End of Event User Vis Actions: none
End of Run User Vis Actions: none

Some /vis commands (optionally) take a string to specify colour.
"/vis/list" to see available colours.
[WRAP] light scale 0.01 -> 332 ph/MeV LYSO, Cherenkov thinned to match (RADSIMPLE_LIGHT_SCALE)
[WRAP] beamline: MCP=1 triggers=1 PbGlass=1   center E-type capillary=0  (RADSIMPLE_WITH_MCP/_TRIGGERS/_PBGLASS, RADSIMPLE_CENTER_ETYPE)
[WRAP] corner capillary type: T (15 mm WLS at shower max, timing)  (RADSIMPLE_CORNER_ETYPE)
[WRAP] outer wrap: sides=1 ends=0  R=0.98  finish=diffuse  gap=0.1 mm  thick=0.2032 mm  (RADWRAP_SIDES/_ENDS/_REFLECTIVITY/_FINISH/_GAP_MM/_THICK_MM)
[WRAP] stack 124.879 mm, DSB1 centre z = -22.0396 mm; 4 corner fibres, PDs at both ends.

 hInelastic FTFP_BERT : threshold between BERT and FTFP is over the interval 
 for pions :   3 to 6 GeV
 for kaons :   3 to 6 GeV
 for proton :  3 to 6 GeV
 for neutron : 3 to 6 GeV

### Adding tracking cuts for neutron  TimeCut(ns)= 10000  KinEnergyCut(MeV)= 0
### Birks coefficients used in run time
=======================================================================
======                 Electromagnetic Physics Parameters      ========
=======================================================================
LPM effect enabled                                 1
Enable creation and use of sampling tables         0
Apply cuts on all EM processes                     0
Use combined TransportationWithMsc                 Disabled
Use general process                                1
Enable linear polarisation for gamma               0
Enable photoeffect sampling below K-shell          1
Enable sampling of quantum entanglement            0
X-section factor for integral approach             0.8
Min kinetic energy for tables                      100 eV 
Max kinetic energy for tables                      100 TeV
Number of bins per decade of a table               20
Verbose level                                      1
Verbose level for worker thread                    0
Bremsstrahlung energy threshold above which 
  primary e+- is added to the list of secondary    100 TeV
Bremsstrahlung energy threshold above which primary
  muon/hadron is added to the list of secondary    100 TeV
Positron annihilation at rest model                AllisonPositronium
Enable 3 gamma annihilation on fly                 1
Lowest triplet kinetic energy                      1 MeV
Enable sampling of gamma linear polarisation       0
5D gamma conversion model type                     0
5D gamma conversion model on isolated ion          0
Use RiGe 5D e+e- pair production model by muons    0
Livermore data directory                           epics_2017
=======================================================================
======                 Ionisation Parameters                   ========
=======================================================================
Step function for e+-                              (0.2, 0.01 mm)
Step function for muons/hadrons                    (0.1, 0.05 mm)
Step function for light ions                       (0.1, 0.02 mm)
Step function for general ions                     (0.1, 0.001 mm)
Lowest e+e- kinetic energy                         100 eV 
Lowest muon/hadron kinetic energy                  1 keV
Use ICRU90 data                                    1
Fluctuations of dE/dx are enabled                  1
Type of fluctuation model for leptons and hadrons  Urban
Use built-in Birks saturation                      1
Build CSDA range enabled                           0
Use cut as a final range enabled                   0
Enable angular generator interface                 1
Max kinetic energy for CSDA tables                 1 GeV
Max kinetic energy for NIEL computation            1 MeV
Linear loss limit                                  0.01
Read data from file for e+e- pair production by mu 0
=======================================================================
======                 Multiple Scattering Parameters          ========
=======================================================================
Type of msc step limit algorithm for e+-           2
Type of msc step limit algorithm for muons/hadrons 0
Msc lateral displacement for e+- enabled           1
Msc lateral displacement for muons and hadrons     1
Urban msc model lateral displacement alg96         1
Range factor for msc step limit for e+-            0.08
Range factor for msc step limit for muons/hadrons  0.2
Geometry factor for msc step limitation of e+-     2.5
Safety factor for msc step limit for e+-           0.6
Skin parameter for msc step limitation of e+-      3
Lambda limit for msc step limit for e+-            1 mm
Use Mott correction for e- scattering              1
Factor used for dynamic computation of angular 
  limit between single and multiple scattering     1
Fixed angular limit between single 
  and multiple scattering                          3.1416 rad
Upper energy limit for e+- multiple scattering     100 MeV
Type of electron single scattering model           0
Type of nuclear form-factor                        1
Screening factor                                   1
=======================================================================
======                 Atomic Deexcitation Parameters          ========
=======================================================================
Fluorescence enabled                               1
Directory in G4LEDATA for fluorescence data files  fluor
Auger electron cascade enabled                     0
PIXE atomic de-excitation enabled                  0
De-excitation module ignores cuts                  0
Type of PIXE cross section for hadrons             Empirical
Type of PIXE cross section for e+-                 Livermore
=======================================================================

### ===  Deexcitation model UAtomDeexcitation is activated for 1 region:
          DefaultRegionForTheWorld  1  0  0
### ===  Ignore cuts flag:   0

phot:  for gamma SubType=12 BuildTable=0
      LambdaPrime table from 200 keV to 100 TeV in 174 bins 
      ===== EM models for the G4Region  DefaultRegionForTheWorld ======
 LivermorePhElectric : Emin=    0 eV  Emax=  100 TeV  SauterGavrila Fluo

compt:  for gamma SubType=13 BuildTable=1
      Lambda table from 100 eV  to 1 MeV, 20 bins/decade, spline: 1
      LambdaPrime table from 1 MeV to 100 TeV in 160 bins 
      ===== EM models for the G4Region  DefaultRegionForTheWorld ======
   LowEPComptonModel : Emin=    0 eV  Emax=   20 MeV Fluo
        KleinNishina : Emin=   20 MeV Emax=  100 TeV Fluo

conv:  for gamma SubType=14 BuildTable=1
      Lambda table from 1.022 MeV to 100 TeV, 20 bins/decade, spline: 1
      ===== EM models for the G4Region  DefaultRegionForTheWorld ======
      BetheHeitler5D : Emin=    0 eV  Emax=  100 TeV  ModifiedTsai

Rayl:  for gamma SubType=11 BuildTable=1
      Lambda table from 100 eV  to 150 keV, 20 bins/decade, spline: 0
      LambdaPrime table from 150 keV to 100 TeV in 176 bins 
      ===== EM models for the G4Region  DefaultRegionForTheWorld ======
   LivermoreRayleigh : Emin=    0 eV  Emax=  100 TeV  CullenGenerator

msc:  for e-  SubType= 10
      ===== EM models for the G4Region  DefaultRegionForTheWorld ======
  GoudsmitSaunderson : Emin=    0 eV  Emax=  100 MeV Nbins=120 100 eV  - 100 MeV
          StepLim=SafetyPlus Rfact=0.08 Gfact=2.5 Sfact=0.6 DispFlag:1 Skin=3 Llim=1 mm
        WentzelVIUni : Emin=  100 MeV Emax=  100 TeV Nbins=120 100 MeV - 100 TeV
          StepLim=SafetyPlus Rfact=0.08 Gfact=2.5 Sfact=0.6 DispFlag:1 Skin=3 Llim=1 mm

eIoni:  for e-  XStype:3  SubType=2
      dE/dx and range tables from 100 eV  to 100 TeV in 240 bins
      Lambda tables from threshold to 100 TeV, 20 bins/decade, spline: 1
      StepFunction=(0.2, 0.01 mm), integ: 3, fluct: 1, linLossLim= 0.01
      ===== EM models for the G4Region  DefaultRegionForTheWorld ======
             PenIoni : Emin=    0 eV  Emax=  100 keV
        MollerBhabha : Emin=  100 keV Emax=  100 TeV  deltaVI

eBrem:  for e-  XStype:4  SubType=3
      dE/dx and range tables from 100 eV  to 100 TeV in 240 bins
      Lambda tables from threshold to 100 TeV, 20 bins/decade, spline: 1
      LPM flag: 1 for E > 1 GeV,  VertexHighEnergyTh(GeV)= 100000
      ===== EM models for the G4Region  DefaultRegionForTheWorld ======
             eBremSB : Emin=    0 eV  Emax=    1 GeV  AngularGen2BS
            eBremLPM : Emin=    1 GeV Emax=  100 TeV  AngularGen2BS

ePairProd:  for e-  XStype:1  SubType=4
      dE/dx and range tables from 100 eV  to 100 TeV in 240 bins
      Lambda tables from threshold to 100 TeV, 20 bins/decade, spline: 0
      Sampling table 25x1001; from 0.1 GeV to 100 TeV 
      ===== EM models for the G4Region  DefaultRegionForTheWorld ======
           ePairProd : Emin=    0 eV  Emax=  100 TeV  ModifiedMephi

CoulombScat:  for e- XStype:1 SubType=1 BuildTable=1
      Lambda table from 100 MeV to 100 TeV, 20 bins/decade, spline: 0
      ThetaMin(p) < Theta(degree) < 180, pLimit(GeV^1)= 0.139531
      ===== EM models for the G4Region  DefaultRegionForTheWorld ======
  eCoulombScattering : Emin=  100 MeV Emax=  100 TeV

msc:  for e+  SubType= 10
      ===== EM models for the G4Region  DefaultRegionForTheWorld ======
  GoudsmitSaunderson : Emin=    0 eV  Emax=  100 MeV Nbins=120 100 eV  - 100 MeV
          StepLim=SafetyPlus Rfact=0.08 Gfact=2.5 Sfact=0.6 DispFlag:1 Skin=3 Llim=1 mm
        WentzelVIUni : Emin=  100 MeV Emax=  100 TeV Nbins=120 100 MeV - 100 TeV
          StepLim=SafetyPlus Rfact=0.08 Gfact=2.5 Sfact=0.6 DispFlag:1 Skin=3 Llim=1 mm

eIoni:  for e+  XStype:3  SubType=2
      dE/dx and range tables from 100 eV  to 100 TeV in 240 bins
      Lambda tables from threshold to 100 TeV, 20 bins/decade, spline: 1
      StepFunction=(0.2, 0.01 mm), integ: 3, fluct: 1, linLossLim= 0.01
      ===== EM models for the G4Region  DefaultRegionForTheWorld ======
             PenIoni : Emin=    0 eV  Emax=  100 keV
        MollerBhabha : Emin=  100 keV Emax=  100 TeV  deltaVI

eBrem:  for e+  XStype:4  SubType=3
      dE/dx and range tables from 100 eV  to 100 TeV in 240 bins
      Lambda tables from threshold to 100 TeV, 20 bins/decade, spline: 1
      LPM flag: 1 for E > 1 GeV,  VertexHighEnergyTh(GeV)= 100000
      ===== EM models for the G4Region  DefaultRegionForTheWorld ======
             eBremSB : Emin=    0 eV  Emax=    1 GeV  AngularGen2BS
            eBremLPM : Emin=    1 GeV Emax=  100 TeV  AngularGen2BS

ePairProd:  for e+  XStype:1  SubType=4
      dE/dx and range tables from 100 eV  to 100 TeV in 240 bins
      Lambda tables from threshold to 100 TeV, 20 bins/decade, spline: 0
      Sampling table 25x1001; from 0.1 GeV to 100 TeV 
      ===== EM models for the G4Region  DefaultRegionForTheWorld ======
           ePairProd : Emin=    0 eV  Emax=  100 TeV  ModifiedMephi

annihil:  for e+ XStype:2 SubType=5 AtRestModel:Allison BuildTable=0
      ===== EM models for the G4Region  DefaultRegionForTheWorld ======
    eplusTo2or3gamma : Emin=    0 eV  Emax=  100 TeV

CoulombScat:  for e+ XStype:1 SubType=1 BuildTable=1
      Lambda table from 100 MeV to 100 TeV, 20 bins/decade, spline: 0
      ThetaMin(p) < Theta(degree) < 180, pLimit(GeV^1)= 0.139531
      ===== EM models for the G4Region  DefaultRegionForTheWorld ======
  eCoulombScattering : Emin=  100 MeV Emax=  100 TeV

msc:  for proton  SubType= 10
      ===== EM models for the G4Region  DefaultRegionForTheWorld ======
        WentzelVIUni : Emin=    0 eV  Emax=  100 TeV Nbins=240 100 eV  - 100 TeV
          StepLim=Minimal Rfact=0.2 Gfact=2.5 Sfact=0.6 DispFlag:1 Skin=3 Llim=1 mm

hIoni:  for proton  XStype:3  SubType=2
      dE/dx and range tables from 100 eV  to 100 TeV in 240 bins
      Lambda tables from threshold to 100 TeV, 20 bins/decade, spline: 1
      StepFunction=(0.1, 0.05 mm), integ: 3, fluct: 1, linLossLim= 0.01
      ===== EM models for the G4Region  DefaultRegionForTheWorld ======
               Bragg : Emin=    0 eV  Emax=    2 MeV  deltaVI
          BetheBloch : Emin=    2 MeV Emax=  100 TeV  deltaVI

hBrems:  for proton  XStype:1  SubType=3
      dE/dx and range tables from 100 eV  to 100 TeV in 240 bins
      Lambda tables from threshold to 100 TeV, 20 bins/decade, spline: 1
      ===== EM models for the G4Region  DefaultRegionForTheWorld ======
               hBrem : Emin=    0 eV  Emax=  100 TeV  ModifiedMephi

hPairProd:  for proton  XStype:1  SubType=4
      dE/dx and range tables from 100 eV  to 100 TeV in 240 bins
      Lambda tables from threshold to 100 TeV, 20 bins/decade, spline: 1
      Sampling table 17x1001, from 7.50618 GeV to 100 TeV 
      ===== EM models for the G4Region  DefaultRegionForTheWorld ======
           hPairProd : Emin=    0 eV  Emax=  100 TeV  ModifiedMephi

CoulombScat:  for proton XStype:1 SubType=1 BuildTable=1
      Lambda table from threshold  to 100 TeV, 20 bins/decade, spline: 0
      ThetaMin(p) < Theta(degree) < 180, pLimit(GeV^1)= 0.139531
      ===== EM models for the G4Region  DefaultRegionForTheWorld ======
  eCoulombScattering : Emin=    0 eV  Emax=  100 TeV

nuclearStopping:  for proton SubType=8 BuildTable=0
      ===== EM models for the G4Region  DefaultRegionForTheWorld ======
   ICRU49NucStopping : Emin=    0 eV  Emax=    1 MeV

msc:  for GenericIon  SubType= 10
      ===== EM models for the G4Region  DefaultRegionForTheWorld ======
            UrbanMsc : Emin=    0 eV  Emax=  100 TeV
          StepLim=Minimal Rfact=0.2 Gfact=2.5 Sfact=0.6 DispFlag:1 Skin=3 Llim=1 mm

ionIoni:  for GenericIon  XStype:3  SubType=2
      dE/dx and range tables from 100 eV  to 100 TeV in 240 bins
      Lambda tables from threshold to 100 TeV, 20 bins/decade, spline: 1
      StepFunction=(0.1, 0.001 mm), integ: 3, fluct: 1, linLossLim= 0.02
      ===== EM models for the G4Region  DefaultRegionForTheWorld ======
    LindhardSorensen : Emin=    0 eV  Emax=  100 TeV  deltaVI

nuclearStopping:  for GenericIon SubType=8 BuildTable=0
      ===== EM models for the G4Region  DefaultRegionForTheWorld ======
   ICRU49NucStopping : Emin=    0 eV  Emax=    1 MeV

msc:  for alpha  SubType= 10
      ===== EM models for the G4Region  DefaultRegionForTheWorld ======
            UrbanMsc : Emin=    0 eV  Emax=  100 TeV
          StepLim=Minimal Rfact=0.2 Gfact=2.5 Sfact=0.6 DispFlag:1 Skin=3 Llim=1 mm

ionIoni:  for alpha  XStype:3  SubType=2
      dE/dx and range tables from 100 eV  to 100 TeV in 240 bins
      Lambda tables from threshold to 100 TeV, 20 bins/decade, spline: 1
      StepFunction=(0.1, 0.02 mm), integ: 3, fluct: 1, linLossLim= 0.02
      ===== EM models for the G4Region  DefaultRegionForTheWorld ======
            BraggIon : Emin=    0 eV  Emax=7.9452 MeV  deltaVI
          BetheBloch : Emin=7.9452 MeV Emax=  100 TeV  deltaVI

nuclearStopping:  for alpha SubType=8 BuildTable=0
      ===== EM models for the G4Region  DefaultRegionForTheWorld ======
   ICRU49NucStopping : Emin=    0 eV  Emax=    1 MeV

msc:  for anti_proton  SubType= 10
      ===== EM models for the G4Region  DefaultRegionForTheWorld ======
        WentzelVIUni : Emin=    0 eV  Emax=  100 TeV Nbins=240 100 eV  - 100 TeV
          StepLim=Minimal Rfact=0.2 Gfact=2.5 Sfact=0.6 DispFlag:1 Skin=3 Llim=1 mm

hIoni:  for anti_proton  XStype:3  SubType=2
      dE/dx and range tables from 100 eV  to 100 TeV in 240 bins
      Lambda tables from threshold to 100 TeV, 20 bins/decade, spline: 1
      StepFunction=(0.1, 0.05 mm), integ: 3, fluct: 1, linLossLim= 0.01
      ===== EM models for the G4Region  DefaultRegionForTheWorld ======
            ICRU73QO : Emin=    0 eV  Emax=    2 MeV  deltaVI
          BetheBloch : Emin=    2 MeV Emax=  100 TeV  deltaVI

hBrems:  for anti_proton  XStype:1  SubType=3
      dE/dx and range tables from 100 eV  to 100 TeV in 240 bins
      Lambda tables from threshold to 100 TeV, 20 bins/decade, spline: 1
      ===== EM models for the G4Region  DefaultRegionForTheWorld ======
               hBrem : Emin=    0 eV  Emax=  100 TeV  ModifiedMephi

hPairProd:  for anti_proton  XStype:1  SubType=4
      dE/dx and range tables from 100 eV  to 100 TeV in 240 bins
      Lambda tables from threshold to 100 TeV, 20 bins/decade, spline: 1
      Sampling table 17x1001, from 7.50618 GeV to 100 TeV 
      ===== EM models for the G4Region  DefaultRegionForTheWorld ======
           hPairProd : Emin=    0 eV  Emax=  100 TeV  ModifiedMephi

CoulombScat:  for anti_proton XStype:1 SubType=1 BuildTable=1
      Lambda table from threshold  to 100 TeV, 20 bins/decade, spline: 0
      ThetaMin(p) < Theta(degree) < 180, pLimit(GeV^1)= 0.139531
      ===== EM models for the G4Region  DefaultRegionForTheWorld ======
  eCoulombScattering : Emin=    0 eV  Emax=  100 TeV

msc:  for kaon+  SubType= 10
      ===== EM models for the G4Region  DefaultRegionForTheWorld ======
        WentzelVIUni : Emin=    0 eV  Emax=  100 TeV Nbins=240 100 eV  - 100 TeV
          StepLim=Minimal Rfact=0.2 Gfact=2.5 Sfact=0.6 DispFlag:1 Skin=3 Llim=1 mm

hIoni:  for kaon+  XStype:3  SubType=2
      dE/dx and range tables from 100 eV  to 100 TeV in 240 bins
      Lambda tables from threshold to 100 TeV, 20 bins/decade, spline: 1
      StepFunction=(0.1, 0.05 mm), integ: 3, fluct: 1, linLossLim= 0.01
      ===== EM models for the G4Region  DefaultRegionForTheWorld ======
               Bragg : Emin=    0 eV  Emax=1.05231 MeV  deltaVI
          BetheBloch : Emin=1.05231 MeV Emax=  100 TeV  deltaVI

hBrems:  for kaon+  XStype:1  SubType=3
      dE/dx and range tables from 100 eV  to 100 TeV in 240 bins
      Lambda tables from threshold to 100 TeV, 20 bins/decade, spline: 1
      ===== EM models for the G4Region  DefaultRegionForTheWorld ======
               hBrem : Emin=    0 eV  Emax=  100 TeV  ModifiedMephi

hPairProd:  for kaon+  XStype:1  SubType=4
      dE/dx and range tables from 100 eV  to 100 TeV in 240 bins
      Lambda tables from threshold to 100 TeV, 20 bins/decade, spline: 1
      Sampling table 18x1001, from 3.94942 GeV to 100 TeV 
      ===== EM models for the G4Region  DefaultRegionForTheWorld ======
           hPairProd : Emin=    0 eV  Emax=  100 TeV  ModifiedMephi

CoulombScat:  for kaon+ XStype:1 SubType=1 BuildTable=1
      Lambda table from threshold  to 100 TeV, 20 bins/decade, spline: 0
      ThetaMin(p) < Theta(degree) < 180, pLimit(GeV^1)= 0.139531
      ===== EM models for the G4Region  DefaultRegionForTheWorld ======
  eCoulombScattering : Emin=    0 eV  Emax=  100 TeV

msc:  for kaon-  SubType= 10
      ===== EM models for the G4Region  DefaultRegionForTheWorld ======
        WentzelVIUni : Emin=    0 eV  Emax=  100 TeV Nbins=240 100 eV  - 100 TeV
          StepLim=Minimal Rfact=0.2 Gfact=2.5 Sfact=0.6 DispFlag:1 Skin=3 Llim=1 mm

hIoni:  for kaon-  XStype:3  SubType=2
      dE/dx and range tables from 100 eV  to 100 TeV in 240 bins
      Lambda tables from threshold to 100 TeV, 20 bins/decade, spline: 1
      StepFunction=(0.1, 0.05 mm), integ: 3, fluct: 1, linLossLim= 0.01
      ===== EM models for the G4Region  DefaultRegionForTheWorld ======
            ICRU73QO : Emin=    0 eV  Emax=1.05231 MeV  deltaVI
          BetheBloch : Emin=1.05231 MeV Emax=  100 TeV  deltaVI

hBrems:  for kaon-  XStype:1  SubType=3
      dE/dx and range tables from 100 eV  to 100 TeV in 240 bins
      Lambda tables from threshold to 100 TeV, 20 bins/decade, spline: 1
      ===== EM models for the G4Region  DefaultRegionForTheWorld ======
               hBrem : Emin=    0 eV  Emax=  100 TeV  ModifiedMephi

hPairProd:  for kaon-  XStype:1  SubType=4
      dE/dx and range tables from 100 eV  to 100 TeV in 240 bins
      Lambda tables from threshold to 100 TeV, 20 bins/decade, spline: 1
      Sampling table 18x1001, from 3.94942 GeV to 100 TeV 
      ===== EM models for the G4Region  DefaultRegionForTheWorld ======
           hPairProd : Emin=    0 eV  Emax=  100 TeV  ModifiedMephi

CoulombScat:  for kaon- XStype:1 SubType=1 BuildTable=1
      Used Lambda table of kaon+
      ThetaMin(p) < Theta(degree) < 180, pLimit(GeV^1)= 0.139531
      ===== EM models for the G4Region  DefaultRegionForTheWorld ======
  eCoulombScattering : Emin=    0 eV  Emax=  100 TeV

msc:  for mu+  SubType= 10
      ===== EM models for the G4Region  DefaultRegionForTheWorld ======
        WentzelVIUni : Emin=    0 eV  Emax=  100 TeV Nbins=240 100 eV  - 100 TeV
          StepLim=Minimal Rfact=0.2 Gfact=2.5 Sfact=0.6 DispFlag:1 Skin=3 Llim=1 mm

muIoni:  for mu+  XStype:3  SubType=2
      dE/dx and range tables from 100 eV  to 100 TeV in 240 bins
      Lambda tables from threshold to 100 TeV, 20 bins/decade, spline: 1
      StepFunction=(0.1, 0.05 mm), integ: 3, fluct: 1, linLossLim= 0.01
      ===== EM models for the G4Region  DefaultRegionForTheWorld ======
               Bragg : Emin=    0 eV  Emax=  200 keV  deltaVI
        MuBetheBloch : Emin=  200 keV Emax=  100 TeV  deltaVI

muBrems:  for mu+  XStype:1  SubType=3
      dE/dx and range tables from 100 eV  to 100 TeV in 240 bins
      Lambda tables from threshold to 100 TeV, 20 bins/decade, spline: 1
      ===== EM models for the G4Region  DefaultRegionForTheWorld ======
              MuBrem : Emin=    0 eV  Emax=  100 TeV  ModifiedMephi

muPairProd:  for mu+  XStype:1  SubType=4
      dE/dx and range tables from 100 eV  to 100 TeV in 240 bins
      Lambda tables from threshold to 100 TeV, 20 bins/decade, spline: 1
      Sampling table 21x1001, from 0.85 GeV to 100 TeV 
      ===== EM models for the G4Region  DefaultRegionForTheWorld ======
          muPairProd : Emin=    0 eV  Emax=  100 TeV  ModifiedMephi

CoulombScat:  for mu+ XStype:1 SubType=1 BuildTable=1
      Lambda table from threshold  to 100 TeV, 20 bins/decade, spline: 0
      ThetaMin(p) < Theta(degree) < 180, pLimit(GeV^1)= 0.139531
      ===== EM models for the G4Region  DefaultRegionForTheWorld ======
  eCoulombScattering : Emin=    0 eV  Emax=  100 TeV

msc:  for mu-  SubType= 10
      ===== EM models for the G4Region  DefaultRegionForTheWorld ======
        WentzelVIUni : Emin=    0 eV  Emax=  100 TeV Nbins=240 100 eV  - 100 TeV
          StepLim=Minimal Rfact=0.2 Gfact=2.5 Sfact=0.6 DispFlag:1 Skin=3 Llim=1 mm

muIoni:  for mu-  XStype:3  SubType=2
      dE/dx and range tables from 100 eV  to 100 TeV in 240 bins
      Lambda tables from threshold to 100 TeV, 20 bins/decade, spline: 1
      StepFunction=(0.1, 0.05 mm), integ: 3, fluct: 1, linLossLim= 0.01
      ===== EM models for the G4Region  DefaultRegionForTheWorld ======
            ICRU73QO : Emin=    0 eV  Emax=  200 keV  deltaVI
        MuBetheBloch : Emin=  200 keV Emax=  100 TeV  deltaVI

muBrems:  for mu-  XStype:1  SubType=3
      dE/dx and range tables from 100 eV  to 100 TeV in 240 bins
      Lambda tables from threshold to 100 TeV, 20 bins/decade, spline: 1
      ===== EM models for the G4Region  DefaultRegionForTheWorld ======
              MuBrem : Emin=    0 eV  Emax=  100 TeV  ModifiedMephi

muPairProd:  for mu-  XStype:1  SubType=4
      dE/dx and range tables from 100 eV  to 100 TeV in 240 bins
      Lambda tables from threshold to 100 TeV, 20 bins/decade, spline: 1
      Sampling table 21x1001, from 0.85 GeV to 100 TeV 
      ===== EM models for the G4Region  DefaultRegionForTheWorld ======
          muPairProd : Emin=    0 eV  Emax=  100 TeV  ModifiedMephi

CoulombScat:  for mu- XStype:1 SubType=1 BuildTable=1
      Used Lambda table of mu+
      ThetaMin(p) < Theta(degree) < 180, pLimit(GeV^1)= 0.139531
      ===== EM models for the G4Region  DefaultRegionForTheWorld ======
  eCoulombScattering : Emin=    0 eV  Emax=  100 TeV

msc:  for pi+  SubType= 10
      ===== EM models for the G4Region  DefaultRegionForTheWorld ======
        WentzelVIUni : Emin=    0 eV  Emax=  100 TeV Nbins=240 100 eV  - 100 TeV
          StepLim=Minimal Rfact=0.2 Gfact=2.5 Sfact=0.6 DispFlag:1 Skin=3 Llim=1 mm

hIoni:  for pi+  XStype:3  SubType=2
      dE/dx and range tables from 100 eV  to 100 TeV in 240 bins
      Lambda tables from threshold to 100 TeV, 20 bins/decade, spline: 1
      StepFunction=(0.1, 0.05 mm), integ: 3, fluct: 1, linLossLim= 0.01
      ===== EM models for the G4Region  DefaultRegionForTheWorld ======
               Bragg : Emin=    0 eV  Emax=297.505 keV  deltaVI
          BetheBloch : Emin=297.505 keV Emax=  100 TeV  deltaVI

hBrems:  for pi+  XStype:1  SubType=3
      dE/dx and range tables from 100 eV  to 100 TeV in 240 bins
      Lambda tables from threshold to 100 TeV, 20 bins/decade, spline: 1
      ===== EM models for the G4Region  DefaultRegionForTheWorld ======
               hBrem : Emin=    0 eV  Emax=  100 TeV  ModifiedMephi

hPairProd:  for pi+  XStype:1  SubType=4
      dE/dx and range tables from 100 eV  to 100 TeV in 240 bins
      Lambda tables from threshold to 100 TeV, 20 bins/decade, spline: 1
      Sampling table 20x1001, from 1.11656 GeV to 100 TeV 
      ===== EM models for the G4Region  DefaultRegionForTheWorld ======
           hPairProd : Emin=    0 eV  Emax=  100 TeV  ModifiedMephi

CoulombScat:  for pi+ XStype:1 SubType=1 BuildTable=1
      Lambda table from threshold  to 100 TeV, 20 bins/decade, spline: 0
      ThetaMin(p) < Theta(degree) < 180, pLimit(GeV^1)= 0.139531
      ===== EM models for the G4Region  DefaultRegionForTheWorld ======
  eCoulombScattering : Emin=    0 eV  Emax=  100 TeV

msc:  for pi-  SubType= 10
      ===== EM models for the G4Region  DefaultRegionForTheWorld ======
        WentzelVIUni : Emin=    0 eV  Emax=  100 TeV Nbins=240 100 eV  - 100 TeV
          StepLim=Minimal Rfact=0.2 Gfact=2.5 Sfact=0.6 DispFlag:1 Skin=3 Llim=1 mm

hIoni:  for pi-  XStype:3  SubType=2
      dE/dx and range tables from 100 eV  to 100 TeV in 240 bins
      Lambda tables from threshold to 100 TeV, 20 bins/decade, spline: 1
      StepFunction=(0.1, 0.05 mm), integ: 3, fluct: 1, linLossLim= 0.01
      ===== EM models for the G4Region  DefaultRegionForTheWorld ======
            ICRU73QO : Emin=    0 eV  Emax=297.505 keV  deltaVI
          BetheBloch : Emin=297.505 keV Emax=  100 TeV  deltaVI

hBrems:  for pi-  XStype:1  SubType=3
      dE/dx and range tables from 100 eV  to 100 TeV in 240 bins
      Lambda tables from threshold to 100 TeV, 20 bins/decade, spline: 1
      ===== EM models for the G4Region  DefaultRegionForTheWorld ======
               hBrem : Emin=    0 eV  Emax=  100 TeV  ModifiedMephi

hPairProd:  for pi-  XStype:1  SubType=4
      dE/dx and range tables from 100 eV  to 100 TeV in 240 bins
      Lambda tables from threshold to 100 TeV, 20 bins/decade, spline: 1
      Sampling table 20x1001, from 1.11656 GeV to 100 TeV 
      ===== EM models for the G4Region  DefaultRegionForTheWorld ======
           hPairProd : Emin=    0 eV  Emax=  100 TeV  ModifiedMephi

CoulombScat:  for pi- XStype:1 SubType=1 BuildTable=1
      Used Lambda table of pi+
      ThetaMin(p) < Theta(degree) < 180, pLimit(GeV^1)= 0.139531
      ===== EM models for the G4Region  DefaultRegionForTheWorld ======
  eCoulombScattering : Emin=    0 eV  Emax=  100 TeV

====================================================================
                  HADRONIC PROCESSES SUMMARY (verbose level 1)
-----------------------------------------------------------------------
                           Hadronic Processes for neutron
  Process: hadElastic
        Model:             hElasticCHIPS: 0 eV  ---> 100 TeV
     Cr_sctns:        G4NeutronElasticXS: 0 eV  ---> 100 TeV
  Process: neutronInelastic
        Model:                      FTFP: 3 GeV ---> 100 TeV
        Model:            BertiniCascade: 0 eV  ---> 6 GeV
     Cr_sctns:      G4NeutronInelasticXS: 0 eV  ---> 100 TeV
  Process: nCapture
        Model:               nRadCapture: 0 eV  ---> 100 TeV
     Cr_sctns:        G4NeutronCaptureXS: 0 eV  ---> 100 TeV
  Process: nKiller
-----------------------------------------------------------------------
                           Hadronic Processes for B-
  Process: hadElastic
        Model:              hElasticLHEP: 0 eV  ---> 100 TeV
     Cr_sctns:            Glauber-Gribov: 0 eV  ---> 100 TeV
  Process: B-Inelastic
        Model:                      FTFP: 0 eV  ---> 100 TeV
     Cr_sctns:            Glauber-Gribov: 0 eV  ---> 100 TeV
-----------------------------------------------------------------------
                           Hadronic Processes for D-
  Process: hadElastic
        Model:              hElasticLHEP: 0 eV  ---> 100 TeV
     Cr_sctns:            Glauber-Gribov: 0 eV  ---> 100 TeV
  Process: D-Inelastic
        Model:                      FTFP: 0 eV  ---> 100 TeV
     Cr_sctns:            Glauber-Gribov: 0 eV  ---> 100 TeV
-----------------------------------------------------------------------
                           Hadronic Processes for GenericIon
  Process: ionInelastic
        Model:  Binary Light Ion Cascade: 0 eV /n ---> 6 GeV/n
        Model:                      FTFP: 3 GeV/n ---> 100 TeV/n
     Cr_sctns:  Glauber-Gribov Nucl-nucl: 0 eV  ---> 25.6 PeV
-----------------------------------------------------------------------
                           Hadronic Processes for He3
  Process: hadElastic
        Model:              hElasticLHEP: 0 eV /n ---> 100 TeV/n
     Cr_sctns:  Glauber-Gribov Nucl-nucl: 0 eV  ---> 25.6 PeV
  Process: He3Inelastic
        Model:  Binary Light Ion Cascade: 0 eV /n ---> 6 GeV/n
        Model:                      FTFP: 3 GeV/n ---> 100 TeV/n
     Cr_sctns:  Glauber-Gribov Nucl-nucl: 0 eV  ---> 25.6 PeV
-----------------------------------------------------------------------
                           Hadronic Processes for alpha
  Process: hadElastic
        Model:              hElasticLHEP: 0 eV /n ---> 100 TeV/n
     Cr_sctns:  Glauber-Gribov Nucl-nucl: 0 eV  ---> 25.6 PeV
  Process: alphaInelastic
        Model:  Binary Light Ion Cascade: 0 eV /n ---> 6 GeV/n
        Model:                      FTFP: 3 GeV/n ---> 100 TeV/n
     Cr_sctns:  Glauber-Gribov Nucl-nucl: 0 eV  ---> 25.6 PeV
-----------------------------------------------------------------------
                           Hadronic Processes for anti_He3
  Process: hadElastic
        Model:              hElasticLHEP: 0 eV /n ---> 100.1 MeV/n
        Model:              AntiAElastic: 100 MeV/n ---> 100 TeV/n
     Cr_sctns:              AntiAGlauber: 0 eV  ---> 25.6 PeV
  Process: anti_He3Inelastic
        Model:                      FTFP: 0 eV /n ---> 100 TeV/n
     Cr_sctns:              AntiAGlauber: 0 eV  ---> 25.6 PeV
  Process: hFritiofCaptureAtRest
-----------------------------------------------------------------------
                           Hadronic Processes for anti_alpha
  Process: hadElastic
        Model:              hElasticLHEP: 0 eV /n ---> 100.1 MeV/n
        Model:              AntiAElastic: 100 MeV/n ---> 100 TeV/n
     Cr_sctns:              AntiAGlauber: 0 eV  ---> 25.6 PeV
  Process: anti_alphaInelastic
        Model:                      FTFP: 0 eV /n ---> 100 TeV/n
     Cr_sctns:              AntiAGlauber: 0 eV  ---> 25.6 PeV
  Process: hFritiofCaptureAtRest
-----------------------------------------------------------------------
                           Hadronic Processes for anti_deuteron
  Process: hadElastic
        Model:              hElasticLHEP: 0 eV /n ---> 100.1 MeV/n
        Model:              AntiAElastic: 100 MeV/n ---> 100 TeV/n
     Cr_sctns:              AntiAGlauber: 0 eV  ---> 25.6 PeV
  Process: anti_deuteronInelastic
        Model:                      FTFP: 0 eV /n ---> 100 TeV/n
     Cr_sctns:              AntiAGlauber: 0 eV  ---> 25.6 PeV
  Process: hFritiofCaptureAtRest
-------------------------------------------------------------------------
                           Hadronic Processes for anti_hypertriton
  Process: hFritiofCaptureAtRest
-----------------------------------------------------------------------
                           Hadronic Processes for anti_lambda
  Process: hadElastic
        Model:              hElasticLHEP: 0 eV  ---> 100 TeV
     Cr_sctns:            Glauber-Gribov: 0 eV  ---> 100 TeV
  Process: anti_lambdaInelastic
        Model:                      FTFP: 0 eV  ---> 100 TeV
     Cr_sctns:            Glauber-Gribov: 0 eV  ---> 100 TeV
  Process: hFritiofCaptureAtRest
-----------------------------------------------------------------------
                           Hadronic Processes for anti_neutron
  Process: hadElastic
        Model:              hElasticLHEP: 0 eV  ---> 100.1 MeV
        Model:              AntiAElastic: 100 MeV ---> 100 TeV
     Cr_sctns:              AntiAGlauber: 0 eV  ---> 25.6 PeV
  Process: anti_neutronInelastic
        Model:                      FTFP: 0 eV  ---> 100 TeV
     Cr_sctns:              AntiAGlauber: 0 eV  ---> 25.6 PeV
  Process: hFritiofCaptureAtRest
-----------------------------------------------------------------------
                           Hadronic Processes for anti_proton
  Process: hadElastic
        Model:              hElasticLHEP: 0 eV  ---> 100.1 MeV
        Model:              AntiAElastic: 100 MeV ---> 100 TeV
     Cr_sctns:              AntiAGlauber: 0 eV  ---> 25.6 PeV
  Process: anti_protonInelastic
        Model:                      FTFP: 0 eV  ---> 100 TeV
     Cr_sctns:              AntiAGlauber: 0 eV  ---> 25.6 PeV
  Process: hFritiofCaptureAtRest
-----------------------------------------------------------------------
                           Hadronic Processes for anti_triton
  Process: hadElastic
        Model:              hElasticLHEP: 0 eV /n ---> 100.1 MeV/n
        Model:              AntiAElastic: 100 MeV/n ---> 100 TeV/n
     Cr_sctns:              AntiAGlauber: 0 eV  ---> 25.6 PeV
  Process: anti_tritonInelastic
        Model:                      FTFP: 0 eV /n ---> 100 TeV/n
     Cr_sctns:              AntiAGlauber: 0 eV  ---> 25.6 PeV
  Process: hFritiofCaptureAtRest
-----------------------------------------------------------------------
                           Hadronic Processes for deuteron
  Process: hadElastic
        Model:              hElasticLHEP: 0 eV /n ---> 100 TeV/n
     Cr_sctns:  Glauber-Gribov Nucl-nucl: 0 eV  ---> 25.6 PeV
  Process: dInelastic
        Model:  Binary Light Ion Cascade: 0 eV /n ---> 6 GeV/n
        Model:                      FTFP: 3 GeV/n ---> 100 TeV/n
     Cr_sctns:  Glauber-Gribov Nucl-nucl: 0 eV  ---> 25.6 PeV
-----------------------------------------------------------------------
                           Hadronic Processes for e+
  Process: positronNuclear
        Model:   G4ElectroVDNuclearModel: 0 eV  ---> 1 PeV
     Cr_sctns:          ElectroNuclearXS: 0 eV  ---> 100 TeV
-----------------------------------------------------------------------
                           Hadronic Processes for e-
  Process: electronNuclear
        Model:   G4ElectroVDNuclearModel: 0 eV  ---> 1 PeV
     Cr_sctns:          ElectroNuclearXS: 0 eV  ---> 100 TeV
-----------------------------------------------------------------------
                           Hadronic Processes for gamma
  Process: photonNuclear
        Model:               GammaNPreco: 0 eV  ---> 200 MeV
        Model:            BertiniCascade: 199 MeV ---> 6 GeV
        Model:           TheoFSGenerator: 3 GeV ---> 100 TeV
     Cr_sctns:            GammaNuclearXS: 0 eV  ---> 100 TeV
-----------------------------------------------------------------------
                           Hadronic Processes for kaon+
  Process: hadElastic
        Model:              hElasticLHEP: 0 eV  ---> 100 TeV
     Cr_sctns:            Glauber-Gribov: 0 eV  ---> 100 TeV
  Process: kaon+Inelastic
        Model:                      FTFP: 3 GeV ---> 100 TeV
        Model:            BertiniCascade: 0 eV  ---> 6 GeV
     Cr_sctns:            Glauber-Gribov: 0 eV  ---> 100 TeV
-----------------------------------------------------------------------
                           Hadronic Processes for kaon-
  Process: hadElastic
        Model:              hElasticLHEP: 0 eV  ---> 100 TeV
     Cr_sctns:            Glauber-Gribov: 0 eV  ---> 100 TeV
  Process: kaon-Inelastic
        Model:                      FTFP: 3 GeV ---> 100 TeV
        Model:            BertiniCascade: 0 eV  ---> 6 GeV
     Cr_sctns:            Glauber-Gribov: 0 eV  ---> 100 TeV
  Process: hBertiniCaptureAtRest
-----------------------------------------------------------------------
                           Hadronic Processes for lambda
  Process: hadElastic
        Model:              hElasticLHEP: 0 eV  ---> 100 TeV
     Cr_sctns:            Glauber-Gribov: 0 eV  ---> 100 TeV
  Process: lambdaInelastic
        Model:                      FTFP: 3 GeV ---> 100 TeV
        Model:            BertiniCascade: 0 eV  ---> 6 GeV
     Cr_sctns:            Glauber-Gribov: 0 eV  ---> 100 TeV
-----------------------------------------------------------------------
                           Hadronic Processes for mu+
  Process: muonNuclear
        Model:      G4MuonVDNuclearModel: 0 eV  ---> 1 PeV
     Cr_sctns:     KokoulinMuonNuclearXS: 0 eV  ---> 100 TeV
-----------------------------------------------------------------------
                           Hadronic Processes for mu-
  Process: muonNuclear
        Model:      G4MuonVDNuclearModel: 0 eV  ---> 1 PeV
     Cr_sctns:     KokoulinMuonNuclearXS: 0 eV  ---> 100 TeV
  Process: muMinusCaptureAtRest
-----------------------------------------------------------------------
                           Hadronic Processes for pi+
  Process: hadElastic
        Model:           hElasticGlauber: 0 eV  ---> 100 TeV
     Cr_sctns:  BarashenkovGlauberGribov: 0 eV  ---> 100 TeV
  Process: pi+Inelastic
        Model:                      FTFP: 3 GeV ---> 100 TeV
        Model:            BertiniCascade: 0 eV  ---> 6 GeV
     Cr_sctns:  BarashenkovGlauberGribov: 0 eV  ---> 100 TeV
-----------------------------------------------------------------------
                           Hadronic Processes for pi-
  Process: hadElastic
        Model:           hElasticGlauber: 0 eV  ---> 100 TeV
     Cr_sctns:  BarashenkovGlauberGribov: 0 eV  ---> 100 TeV
  Process: pi-Inelastic
        Model:                      FTFP: 3 GeV ---> 100 TeV
        Model:            BertiniCascade: 0 eV  ---> 6 GeV
     Cr_sctns:  BarashenkovGlauberGribov: 0 eV  ---> 100 TeV
  Process: hBertiniCaptureAtRest
-----------------------------------------------------------------------
                           Hadronic Processes for proton
  Process: hadElastic
        Model:             hElasticCHIPS: 0 eV  ---> 100 TeV
     Cr_sctns:  BarashenkovGlauberGribov: 0 eV  ---> 100 TeV
  Process: protonInelastic
        Model:                      FTFP: 3 GeV ---> 100 TeV
        Model:            BertiniCascade: 0 eV  ---> 6 GeV
     Cr_sctns:  BarashenkovGlauberGribov: 0 eV  ---> 100 TeV
-----------------------------------------------------------------------
                           Hadronic Processes for sigma-
  Process: hadElastic
        Model:              hElasticLHEP: 0 eV  ---> 100 TeV
     Cr_sctns:            Glauber-Gribov: 0 eV  ---> 100 TeV
  Process: sigma-Inelastic
        Model:                      FTFP: 3 GeV ---> 100 TeV
        Model:            BertiniCascade: 0 eV  ---> 6 GeV
     Cr_sctns:            Glauber-Gribov: 0 eV  ---> 100 TeV
  Process: hBertiniCaptureAtRest
-----------------------------------------------------------------------
                           Hadronic Processes for triton
  Process: hadElastic
        Model:              hElasticLHEP: 0 eV /n ---> 100 TeV/n
     Cr_sctns:  Glauber-Gribov Nucl-nucl: 0 eV  ---> 25.6 PeV
  Process: tInelastic
        Model:  Binary Light Ion Cascade: 0 eV /n ---> 6 GeV/n
        Model:                      FTFP: 3 GeV/n ---> 100 TeV/n
     Cr_sctns:  Glauber-Gribov Nucl-nucl: 0 eV  ---> 25.6 PeV
=======================================================================
======       Geant4 Native Pre-compound Model Parameters       ========
=======================================================================
Type of pre-compound model                          0
Type of pre-compound inverse x-section              1
Pre-compound model active                           1
Pre-compound excitation low energy                  0.1 MeV 
Pre-compound excitation high energy                 15 MeV 
Angular generator for pre-compound model            1
Use NeverGoBack option for pre-compound model       0
Use SoftCutOff option for pre-compound model        0
Use CEM transitions for pre-compound model          1
Use GNASH transitions for pre-compound model        0
Use HETC submodel for pre-compound model            0
=======================================================================
======       Nuclear De-excitation Module Parameters           ========
=======================================================================
Type of de-excitation inverse x-section             3
Type of de-excitation factory                       Evaporation+GEM
Number of de-excitation channels                    68
Type of Fermi BreakUp model                         ModelVI
Min excitation energy                               0.01 keV 
Min energy per nucleon for multifragmentation       2e+05 MeV
Level density (1/MeV)                               0.075
Use simple level density model                      1
Use discrete excitation energy of the residual      0
Time limit for long lived isomeres                  1 ns 
Isomer production flag                              1
Internal e- conversion flag                         1
Store e- internal conversion data                   1
Correlated gamma emission flag                      0
Max 2J for sampling of angular correlations         10
=======================================================================
### Run 0 starts.

-------- WWWW ------- G4Exception-START -------- WWWW -------
*** G4Exception : Run10035
      issued by : G4TaskRunManager::InitializeEventLoop()
Event modulo is reduced to 4 (was 50) to distribute events to all threads.
*** This is just a warning message. ***
-------- WWWW -------- G4Exception-END --------- WWWW -------


-------- WWWW ------- G4Exception-START -------- WWWW -------
*** G4Exception : Run10035
      issued by : G4TaskRunManager::InitializeEventLoop()
Event modulo is reduced to 4 (was 50) to distribute events to all threads.
*** This is just a warning message. ***
-------- WWWW -------- G4Exception-END --------- WWWW -------

G4WT493 >      Cr_sctns:  Glauber-Gribov Nucl-nucl: 0 eV  ---> 25.6 PeV
### Run 0 starts on worker thread 493.
G4WT493 > --> Event 0 starts with initial seeds (71475943,95194703).
G4WT217 >      Cr_sctns:  Glauber-Gribov Nucl-nucl: 0 eV  ---> 25.6 PeV
### Run 0 starts on worker thread 217.
G4WT101 >      Cr_sctns:  Glauber-Gribov Nucl-nucl: 0 eV  ---> 25.6 PeV
### Run 0 starts on worker thread 101.
G4WT68 >      Cr_sctns:  Glauber-Gribov Nucl-nucl: 0 eV  ---> 25.6 PeV
### Run 0 starts on worker thread 68.
G4WT446 >      Cr_sctns:  Glauber-Gribov Nucl-nucl: 0 eV  ---> 25.6 PeV
### Run 0 starts on worker thread 446.
G4WT10 >      Cr_sctns:  Glauber-Gribov Nucl-nucl: 0 eV  ---> 25.6 PeV
### Run 0 starts on worker thread 10.
G4WT14 >      Cr_sctns:  Glauber-Gribov Nucl-nucl: 0 eV  ---> 25.6 PeV
### Run 0 starts on worker thread 14.
G4WT179 >      Cr_sctns:  Glauber-Gribov Nucl-nucl: 0 eV  ---> 25.6 PeV
### Run 0 starts on worker thread 179.
G4WT249 >      Cr_sctns:  Glauber-Gribov Nucl-nucl: 0 eV  ---> 25.6 PeV
### Run 0 starts on worker thread 249.
G4WT304 >      Cr_sctns:  Glauber-Gribov Nucl-nucl: 0 eV  ---> 25.6 PeV
### Run 0 starts on worker thread 304.
G4WT216 >      Cr_sctns:  Glauber-Gribov Nucl-nucl: 0 eV  ---> 25.6 PeV
### Run 0 starts on worker thread 216.
G4WT54 >      Cr_sctns:  Glauber-Gribov Nucl-nucl: 0 eV  ---> 25.6 PeV
### Run 0 starts on worker thread 54.
G4WT498 >      Cr_sctns:  Glauber-Gribov Nucl-nucl: 0 eV  ---> 25.6 PeV
### Run 0 starts on worker thread 498.
G4WT393 >      Cr_sctns:  Glauber-Gribov Nucl-nucl: 0 eV  ---> 25.6 PeV
### Run 0 starts on worker thread 393.
G4WT508 >      Cr_sctns:  Glauber-Gribov Nucl-nucl: 0 eV  ---> 25.6 PeV
### Run 0 starts on worker thread 508.
G4WT155 >      Cr_sctns:  Glauber-Gribov Nucl-nucl: 0 eV  ---> 25.6 PeV
### Run 0 starts on worker thread 155.
G4WT215 >      Cr_sctns:  Glauber-Gribov Nucl-nucl: 0 eV  ---> 25.6 PeV
### Run 0 starts on worker thread 215.
G4WT356 >      Cr_sctns:  Glauber-Gribov Nucl-nucl: 0 eV  ---> 25.6 PeV
### Run 0 starts on worker thread 356.
G4WT64 >      Cr_sctns:  Glauber-Gribov Nucl-nucl: 0 eV  ---> 25.6 PeV
### Run 0 starts on worker thread 64.
G4WT201 >      Cr_sctns:  Glauber-Gribov Nucl-nucl: 0 eV  ---> 25.6 PeV
### Run 0 starts on worker thread 201.
G4WT438 >      Cr_sctns:  Glauber-Gribov Nucl-nucl: 0 eV  ---> 25.6 PeV
### Run 0 starts on worker thread 438.
G4WT37 >      Cr_sctns:  Glauber-Gribov Nucl-nucl: 0 eV  ---> 25.6 PeV
### Run 0 starts on worker thread 37.
G4WT255 >      Cr_sctns:  Glauber-Gribov Nucl-nucl: 0 eV  ---> 25.6 PeV
### Run 0 starts on worker thread 255.
G4WT26 >      Cr_sctns:  Glauber-Gribov Nucl-nucl: 0 eV  ---> 25.6 PeV
### Run 0 starts on worker thread 26.
G4WT20 >      Cr_sctns:  Glauber-Gribov Nucl-nucl: 0 eV  ---> 25.6 PeV
### Run 0 starts on worker thread 20.
G4WT292 >      Cr_sctns:  Glauber-Gribov Nucl-nucl: 0 eV  ---> 25.6 PeV
### Run 0 starts on worker thread 292.
G4WT69 >      Cr_sctns:  Glauber-Gribov Nucl-nucl: 0 eV  ---> 25.6 PeV
### Run 0 starts on worker thread 69.
G4WT467 >      Cr_sctns:  Glauber-Gribov Nucl-nucl: 0 eV  ---> 25.6 PeV
### Run 0 starts on worker thread 467.
G4WT395 >      Cr_sctns:  Glauber-Gribov Nucl-nucl: 0 eV  ---> 25.6 PeV
### Run 0 starts on worker thread 395.
G4WT147 >      Cr_sctns:  Glauber-Gribov Nucl-nucl: 0 eV  ---> 25.6 PeV
### Run 0 starts on worker thread 147.
G4WT476 >      Cr_sctns:  Glauber-Gribov Nucl-nucl: 0 eV  ---> 25.6 PeV
### Run 0 starts on worker thread 476.
G4WT36 >      Cr_sctns:  Glauber-Gribov Nucl-nucl: 0 eV  ---> 25.6 PeV
### Run 0 starts on worker thread 36.
G4WT44 >      Cr_sctns:  Glauber-Gribov Nucl-nucl: 0 eV  ---> 25.6 PeV
### Run 0 starts on worker thread 44.
G4WT308 >      Cr_sctns:  Glauber-Gribov Nucl-nucl: 0 eV  ---> 25.6 PeV
### Run 0 starts on worker thread 308.
G4WT485 >      Cr_sctns:  Glauber-Gribov Nucl-nucl: 0 eV  ---> 25.6 PeV
### Run 0 starts on worker thread 485.
G4WT280 >      Cr_sctns:  Glauber-Gribov Nucl-nucl: 0 eV  ---> 25.6 PeV
### Run 0 starts on worker thread 280.
G4WT162 >      Cr_sctns:  Glauber-Gribov Nucl-nucl: 0 eV  ---> 25.6 PeV
### Run 0 starts on worker thread 162.
G4WT366 >      Cr_sctns:  Glauber-Gribov Nucl-nucl: 0 eV  ---> 25.6 PeV
### Run 0 starts on worker thread 366.
G4WT402 >      Cr_sctns:  Glauber-Gribov Nucl-nucl: 0 eV  ---> 25.6 PeV
### Run 0 starts on worker thread 402.
G4WT237 >      Cr_sctns:  Glauber-Gribov Nucl-nucl: 0 eV  ---> 25.6 PeV
### Run 0 starts on worker thread 237.
G4WT425 >      Cr_sctns:  Glauber-Gribov Nucl-nucl: 0 eV  ---> 25.6 PeV
### Run 0 starts on worker thread 425.
G4WT457 >      Cr_sctns:  Glauber-Gribov Nucl-nucl: 0 eV  ---> 25.6 PeV
### Run 0 starts on worker thread 457.
G4WT86 >      Cr_sctns:  Glauber-Gribov Nucl-nucl: 0 eV  ---> 25.6 PeV
### Run 0 starts on worker thread 86.
G4WT348 >      Cr_sctns:  Glauber-Gribov Nucl-nucl: 0 eV  ---> 25.6 PeV
### Run 0 starts on worker thread 348.
G4WT363 >      Cr_sctns:  Glauber-Gribov Nucl-nucl: 0 eV  ---> 25.6 PeV
### Run 0 starts on worker thread 363.
G4WT241 >      Cr_sctns:  Glauber-Gribov Nucl-nucl: 0 eV  ---> 25.6 PeV
### Run 0 starts on worker thread 241.
G4WT338 >      Cr_sctns:  Glauber-Gribov Nucl-nucl: 0 eV  ---> 25.6 PeV
### Run 0 starts on worker thread 338.
G4WT311 >      Cr_sctns:  Glauber-Gribov Nucl-nucl: 0 eV  ---> 25.6 PeV
### Run 0 starts on worker thread 311.
G4WT357 >      Cr_sctns:  Glauber-Gribov Nucl-nucl: 0 eV  ---> 25.6 PeV
### Run 0 starts on worker thread 357.
G4WT329 >      Cr_sctns:  Glauber-Gribov Nucl-nucl: 0 eV  ---> 25.6 PeV
### Run 0 starts on worker thread 329.
G4WT480 >      Cr_sctns:  Glauber-Gribov Nucl-nucl: 0 eV  ---> 25.6 PeV
### Run 0 starts on worker thread 480.
G4WT137 >      Cr_sctns:  Glauber-Gribov Nucl-nucl: 0 eV  ---> 25.6 PeV
### Run 0 starts on worker thread 137.
G4WT164 >      Cr_sctns:  Glauber-Gribov Nucl-nucl: 0 eV  ---> 25.6 PeV
### Run 0 starts on worker thread 164.
G4WT318 >      Cr_sctns:  Glauber-Gribov Nucl-nucl: 0 eV  ---> 25.6 PeV
### Run 0 starts on worker thread 318.
G4WT125 >      Cr_sctns:  Glauber-Gribov Nucl-nucl: 0 eV  ---> 25.6 PeV
### Run 0 starts on worker thread 125.
G4WT128 >      Cr_sctns:  Glauber-Gribov Nucl-nucl: 0 eV  ---> 25.6 PeV
### Run 0 starts on worker thread 128.
G4WT12 >      Cr_sctns:  Glauber-Gribov Nucl-nucl: 0 eV  ---> 25.6 PeV
### Run 0 starts on worker thread 12.
G4WT78 >      Cr_sctns:  Glauber-Gribov Nucl-nucl: 0 eV  ---> 25.6 PeV
### Run 0 starts on worker thread 78.
G4WT253 >      Cr_sctns:  Glauber-Gribov Nucl-nucl: 0 eV  ---> 25.6 PeV
### Run 0 starts on worker thread 253.
G4WT488 >      Cr_sctns:  Glauber-Gribov Nucl-nucl: 0 eV  ---> 25.6 PeV
### Run 0 starts on worker thread 488.
G4WT401 >      Cr_sctns:  Glauber-Gribov Nucl-nucl: 0 eV  ---> 25.6 PeV
### Run 0 starts on worker thread 401.
G4WT463 >      Cr_sctns:  Glauber-Gribov Nucl-nucl: 0 eV  ---> 25.6 PeV
### Run 0 starts on worker thread 463.
G4WT381 >      Cr_sctns:  Glauber-Gribov Nucl-nucl: 0 eV  ---> 25.6 PeV
### Run 0 starts on worker thread 381.
G4WT448 >      Cr_sctns:  Glauber-Gribov Nucl-nucl: 0 eV  ---> 25.6 PeV
### Run 0 starts on worker thread 448.
G4WT511 >      Cr_sctns:  Glauber-Gribov Nucl-nucl: 0 eV  ---> 25.6 PeV
### Run 0 starts on worker thread 511.
G4WT427 >      Cr_sctns:  Glauber-Gribov Nucl-nucl: 0 eV  ---> 25.6 PeV
### Run 0 starts on worker thread 427.
G4WT284 >      Cr_sctns:  Glauber-Gribov Nucl-nucl: 0 eV  ---> 25.6 PeV
### Run 0 starts on worker thread 284.
G4WT89 >      Cr_sctns:  Glauber-Gribov Nucl-nucl: 0 eV  ---> 25.6 PeV
### Run 0 starts on worker thread 89.
G4WT126 >      Cr_sctns:  Glauber-Gribov Nucl-nucl: 0 eV  ---> 25.6 PeV
### Run 0 starts on worker thread 126.
G4WT174 >      Cr_sctns:  Glauber-Gribov Nucl-nucl: 0 eV  ---> 25.6 PeV
### Run 0 starts on worker thread 174.
G4WT47 >      Cr_sctns:  Glauber-Gribov Nucl-nucl: 0 eV  ---> 25.6 PeV
### Run 0 starts on worker thread 47.
G4WT450 >      Cr_sctns:  Glauber-Gribov Nucl-nucl: 0 eV  ---> 25.6 PeV
### Run 0 starts on worker thread 450.
G4WT52 >      Cr_sctns:  Glauber-Gribov Nucl-nucl: 0 eV  ---> 25.6 PeV
### Run 0 starts on worker thread 52.
G4WT154 >      Cr_sctns:  Glauber-Gribov Nucl-nucl: 0 eV  ---> 25.6 PeV
### Run 0 starts on worker thread 154.
G4WT271 >      Cr_sctns:  Glauber-Gribov Nucl-nucl: 0 eV  ---> 25.6 PeV
### Run 0 starts on worker thread 271.
G4WT70 >      Cr_sctns:  Glauber-Gribov Nucl-nucl: 0 eV  ---> 25.6 PeV
### Run 0 starts on worker thread 70.
G4WT212 >      Cr_sctns:  Glauber-Gribov Nucl-nucl: 0 eV  ---> 25.6 PeV
### Run 0 starts on worker thread 212.
G4WT326 >      Cr_sctns:  Glauber-Gribov Nucl-nucl: 0 eV  ---> 25.6 PeV
### Run 0 starts on worker thread 326.
G4WT75 >      Cr_sctns:  Glauber-Gribov Nucl-nucl: 0 eV  ---> 25.6 PeV
### Run 0 starts on worker thread 75.
G4WT175 >      Cr_sctns:  Glauber-Gribov Nucl-nucl: 0 eV  ---> 25.6 PeV
### Run 0 starts on worker thread 175.
G4WT218 >      Cr_sctns:  Glauber-Gribov Nucl-nucl: 0 eV  ---> 25.6 PeV
### Run 0 starts on worker thread 218.
G4WT455 >      Cr_sctns:  Glauber-Gribov Nucl-nucl: 0 eV  ---> 25.6 PeV
### Run 0 starts on worker thread 455.
G4WT327 >      Cr_sctns:  Glauber-Gribov Nucl-nucl: 0 eV  ---> 25.6 PeV
### Run 0 starts on worker thread 327.
G4WT279 >      Cr_sctns:  Glauber-Gribov Nucl-nucl: 0 eV  ---> 25.6 PeV
### Run 0 starts on worker thread 279.
G4WT183 >      Cr_sctns:  Glauber-Gribov Nucl-nucl: 0 eV  ---> 25.6 PeV
### Run 0 starts on worker thread 183.
G4WT506 >      Cr_sctns:  Glauber-Gribov Nucl-nucl: 0 eV  ---> 25.6 PeV
### Run 0 starts on worker thread 506.
G4WT421 >      Cr_sctns:  Glauber-Gribov Nucl-nucl: 0 eV  ---> 25.6 PeV
### Run 0 starts on worker thread 421.
G4WT4 >      Cr_sctns:  Glauber-Gribov Nucl-nucl: 0 eV  ---> 25.6 PeV
### Run 0 starts on worker thread 4.
G4WT251 >      Cr_sctns:  Glauber-Gribov Nucl-nucl: 0 eV  ---> 25.6 PeV
### Run 0 starts on worker thread 251.
G4WT94 >      Cr_sctns:  Glauber-Gribov Nucl-nucl: 0 eV  ---> 25.6 PeV
### Run 0 starts on worker thread 94.
G4WT18 >      Cr_sctns:  Glauber-Gribov Nucl-nucl: 0 eV  ---> 25.6 PeV
### Run 0 starts on worker thread 18.
G4WT51 >      Cr_sctns:  Glauber-Gribov Nucl-nucl: 0 eV  ---> 25.6 PeV
### Run 0 starts on worker thread 51.
G4WT62 >      Cr_sctns:  Glauber-Gribov Nucl-nucl: 0 eV  ---> 25.6 PeV
### Run 0 starts on worker thread 62.
G4WT225 >      Cr_sctns:  Glauber-Gribov Nucl-nucl: 0 eV  ---> 25.6 PeV
### Run 0 starts on worker thread 225.
G4WT185 >      Cr_sctns:  Glauber-Gribov Nucl-nucl: 0 eV  ---> 25.6 PeV
### Run 0 starts on worker thread 185.
G4WT85 >      Cr_sctns:  Glauber-Gribov Nucl-nucl: 0 eV  ---> 25.6 PeV
### Run 0 starts on worker thread 85.
G4WT142 >      Cr_sctns:  Glauber-Gribov Nucl-nucl: 0 eV  ---> 25.6 PeV
### Run 0 starts on worker thread 142.
G4WT282 >      Cr_sctns:  Glauber-Gribov Nucl-nucl: 0 eV  ---> 25.6 PeV
### Run 0 starts on worker thread 282.
G4WT55 >      Cr_sctns:  Glauber-Gribov Nucl-nucl: 0 eV  ---> 25.6 PeV
### Run 0 starts on worker thread 55.
G4WT268 >      Cr_sctns:  Glauber-Gribov Nucl-nucl: 0 eV  ---> 25.6 PeV
### Run 0 starts on worker thread 268.
G4WT135 >      Cr_sctns:  Glauber-Gribov Nucl-nucl: 0 eV  ---> 25.6 PeV
### Run 0 starts on worker thread 135.
G4WT49 >      Cr_sctns:  Glauber-Gribov Nucl-nucl: 0 eV  ---> 25.6 PeV
### Run 0 starts on worker thread 49.
G4WT492 >      Cr_sctns:  Glauber-Gribov Nucl-nucl: 0 eV  ---> 25.6 PeV
### Run 0 starts on worker thread 492.
G4WT432 >      Cr_sctns:  Glauber-Gribov Nucl-nucl: 0 eV  ---> 25.6 PeV
### Run 0 starts on worker thread 432.
G4WT83 >      Cr_sctns:  Glauber-Gribov Nucl-nucl: 0 eV  ---> 25.6 PeV
### Run 0 starts on worker thread 83.
G4WT98 >      Cr_sctns:  Glauber-Gribov Nucl-nucl: 0 eV  ---> 25.6 PeV
### Run 0 starts on worker thread 98.
G4WT349 >      Cr_sctns:  Glauber-Gribov Nucl-nucl: 0 eV  ---> 25.6 PeV
### Run 0 starts on worker thread 349.
G4WT210 >      Cr_sctns:  Glauber-Gribov Nucl-nucl: 0 eV  ---> 25.6 PeV
### Run 0 starts on worker thread 210.
G4WT344 >      Cr_sctns:  Glauber-Gribov Nucl-nucl: 0 eV  ---> 25.6 PeV
### Run 0 starts on worker thread 344.
G4WT211 >      Cr_sctns:  Glauber-Gribov Nucl-nucl: 0 eV  ---> 25.6 PeV
### Run 0 starts on worker thread 211.
G4WT302 >      Cr_sctns:  Glauber-Gribov Nucl-nucl: 0 eV  ---> 25.6 PeV
### Run 0 starts on worker thread 302.
G4WT339 >      Cr_sctns:  Glauber-Gribov Nucl-nucl: 0 eV  ---> 25.6 PeV
### Run 0 starts on worker thread 339.
G4WT265 >      Cr_sctns:  Glauber-Gribov Nucl-nucl: 0 eV  ---> 25.6 PeV
### Run 0 starts on worker thread 265.
G4WT21 >      Cr_sctns:  Glauber-Gribov Nucl-nucl: 0 eV  ---> 25.6 PeV
### Run 0 starts on worker thread 21.
G4WT481 >      Cr_sctns:  Glauber-Gribov Nucl-nucl: 0 eV  ---> 25.6 PeV
### Run 0 starts on worker thread 481.
G4WT443 >      Cr_sctns:  Glauber-Gribov Nucl-nucl: 0 eV  ---> 25.6 PeV
### Run 0 starts on worker thread 443.
G4WT153 >      Cr_sctns:  Glauber-Gribov Nucl-nucl: 0 eV  ---> 25.6 PeV
### Run 0 starts on worker thread 153.
G4WT133 >      Cr_sctns:  Glauber-Gribov Nucl-nucl: 0 eV  ---> 25.6 PeV
### Run 0 starts on worker thread 133.
G4WT277 >      Cr_sctns:  Glauber-Gribov Nucl-nucl: 0 eV  ---> 25.6 PeV
### Run 0 starts on worker thread 277.
G4WT287 >      Cr_sctns:  Glauber-Gribov Nucl-nucl: 0 eV  ---> 25.6 PeV
### Run 0 starts on worker thread 287.
G4WT316 >      Cr_sctns:  Glauber-Gribov Nucl-nucl: 0 eV  ---> 25.6 PeV
### Run 0 starts on worker thread 316.
G4WT274 >      Cr_sctns:  Glauber-Gribov Nucl-nucl: 0 eV  ---> 25.6 PeV
### Run 0 starts on worker thread 274.
G4WT358 >      Cr_sctns:  Glauber-Gribov Nucl-nucl: 0 eV  ---> 25.6 PeV
### Run 0 starts on worker thread 358.
G4WT254 >      Cr_sctns:  Glauber-Gribov Nucl-nucl: 0 eV  ---> 25.6 PeV
### Run 0 starts on worker thread 254.
G4WT436 >      Cr_sctns:  Glauber-Gribov Nucl-nucl: 0 eV  ---> 25.6 PeV
### Run 0 starts on worker thread 436.
G4WT31 >      Cr_sctns:  Glauber-Gribov Nucl-nucl: 0 eV  ---> 25.6 PeV
### Run 0 starts on worker thread 31.
G4WT384 >      Cr_sctns:  Glauber-Gribov Nucl-nucl: 0 eV  ---> 25.6 PeV
### Run 0 starts on worker thread 384.
G4WT45 >      Cr_sctns:  Glauber-Gribov Nucl-nucl: 0 eV  ---> 25.6 PeV
### Run 0 starts on worker thread 45.
G4WT236 >      Cr_sctns:  Glauber-Gribov Nucl-nucl: 0 eV  ---> 25.6 PeV
### Run 0 starts on worker thread 236.
G4WT25 >      Cr_sctns:  Glauber-Gribov Nucl-nucl: 0 eV  ---> 25.6 PeV
### Run 0 starts on worker thread 25.
G4WT150 >      Cr_sctns:  Glauber-Gribov Nucl-nucl: 0 eV  ---> 25.6 PeV
### Run 0 starts on worker thread 150.
G4WT39 >      Cr_sctns:  Glauber-Gribov Nucl-nucl: 0 eV  ---> 25.6 PeV
### Run 0 starts on worker thread 39.
G4WT272 >      Cr_sctns:  Glauber-Gribov Nucl-nucl: 0 eV  ---> 25.6 PeV
### Run 0 starts on worker thread 272.
G4WT509 >      Cr_sctns:  Glauber-Gribov Nucl-nucl: 0 eV  ---> 25.6 PeV
### Run 0 starts on worker thread 509.
G4WT35 >      Cr_sctns:  Glauber-Gribov Nucl-nucl: 0 eV  ---> 25.6 PeV
### Run 0 starts on worker thread 35.
G4WT161 >      Cr_sctns:  Glauber-Gribov Nucl-nucl: 0 eV  ---> 25.6 PeV
### Run 0 starts on worker thread 161.
G4WT238 >      Cr_sctns:  Glauber-Gribov Nucl-nucl: 0 eV  ---> 25.6 PeV
### Run 0 starts on worker thread 238.
G4WT325 >      Cr_sctns:  Glauber-Gribov Nucl-nucl: 0 eV  ---> 25.6 PeV
### Run 0 starts on worker thread 325.
G4WT469 >      Cr_sctns:  Glauber-Gribov Nucl-nucl: 0 eV  ---> 25.6 PeV
### Run 0 starts on worker thread 469.
G4WT207 >      Cr_sctns:  Glauber-Gribov Nucl-nucl: 0 eV  ---> 25.6 PeV
### Run 0 starts on worker thread 207.
G4WT361 >      Cr_sctns:  Glauber-Gribov Nucl-nucl: 0 eV  ---> 25.6 PeV
### Run 0 starts on worker thread 361.
G4WT360 >      Cr_sctns:  Glauber-Gribov Nucl-nucl: 0 eV  ---> 25.6 PeV
### Run 0 starts on worker thread 360.
G4WT377 >      Cr_sctns:  Glauber-Gribov Nucl-nucl: 0 eV  ---> 25.6 PeV
### Run 0 starts on worker thread 377.
G4WT222 >      Cr_sctns:  Glauber-Gribov Nucl-nucl: 0 eV  ---> 25.6 PeV
### Run 0 starts on worker thread 222.
G4WT441 >      Cr_sctns:  Glauber-Gribov Nucl-nucl: 0 eV  ---> 25.6 PeV
### Run 0 starts on worker thread 441.
G4WT193 >      Cr_sctns:  Glauber-Gribov Nucl-nucl: 0 eV  ---> 25.6 PeV
### Run 0 starts on worker thread 193.
G4WT273 >      Cr_sctns:  Glauber-Gribov Nucl-nucl: 0 eV  ---> 25.6 PeV
### Run 0 starts on worker thread 273.
G4WT149 >      Cr_sctns:  Glauber-Gribov Nucl-nucl: 0 eV  ---> 25.6 PeV
### Run 0 starts on worker thread 149.
G4WT199 >      Cr_sctns:  Glauber-Gribov Nucl-nucl: 0 eV  ---> 25.6 PeV
### Run 0 starts on worker thread 199.
G4WT388 >      Cr_sctns:  Glauber-Gribov Nucl-nucl: 0 eV  ---> 25.6 PeV
### Run 0 starts on worker thread 388.
G4WT0 >      Cr_sctns:  Glauber-Gribov Nucl-nucl: 0 eV  ---> 25.6 PeV
### Run 0 starts on worker thread 0.
G4WT113 >      Cr_sctns:  Glauber-Gribov Nucl-nucl: 0 eV  ---> 25.6 PeV
### Run 0 starts on worker thread 113.
G4WT433 >      Cr_sctns:  Glauber-Gribov Nucl-nucl: 0 eV  ---> 25.6 PeV
### Run 0 starts on worker thread 433.
G4WT353 >      Cr_sctns:  Glauber-Gribov Nucl-nucl: 0 eV  ---> 25.6 PeV
### Run 0 starts on worker thread 353.
G4WT383 >      Cr_sctns:  Glauber-Gribov Nucl-nucl: 0 eV  ---> 25.6 PeV
### Run 0 starts on worker thread 383.
G4WT321 >      Cr_sctns:  Glauber-Gribov Nucl-nucl: 0 eV  ---> 25.6 PeV
### Run 0 starts on worker thread 321.
G4WT385 >      Cr_sctns:  Glauber-Gribov Nucl-nucl: 0 eV  ---> 25.6 PeV
### Run 0 starts on worker thread 385.
G4WT503 >      Cr_sctns:  Glauber-Gribov Nucl-nucl: 0 eV  ---> 25.6 PeV
### Run 0 starts on worker thread 503.
G4WT298 >      Cr_sctns:  Glauber-Gribov Nucl-nucl: 0 eV  ---> 25.6 PeV
### Run 0 starts on worker thread 298.
G4WT220 >      Cr_sctns:  Glauber-Gribov Nucl-nucl: 0 eV  ---> 25.6 PeV
### Run 0 starts on worker thread 220.
G4WT157 >      Cr_sctns:  Glauber-Gribov Nucl-nucl: 0 eV  ---> 25.6 PeV
### Run 0 starts on worker thread 157.
G4WT295 >      Cr_sctns:  Glauber-Gribov Nucl-nucl: 0 eV  ---> 25.6 PeV
### Run 0 starts on worker thread 295.
G4WT74 >      Cr_sctns:  Glauber-Gribov Nucl-nucl: 0 eV  ---> 25.6 PeV
### Run 0 starts on worker thread 74.
G4WT81 >      Cr_sctns:  Glauber-Gribov Nucl-nucl: 0 eV  ---> 25.6 PeV
### Run 0 starts on worker thread 81.
G4WT453 >      Cr_sctns:  Glauber-Gribov Nucl-nucl: 0 eV  ---> 25.6 PeV
### Run 0 starts on worker thread 453.
G4WT219 >      Cr_sctns:  Glauber-Gribov Nucl-nucl: 0 eV  ---> 25.6 PeV
### Run 0 starts on worker thread 219.
G4WT30 >      Cr_sctns:  Glauber-Gribov Nucl-nucl: 0 eV  ---> 25.6 PeV
### Run 0 starts on worker thread 30.
G4WT15 >      Cr_sctns:  Glauber-Gribov Nucl-nucl: 0 eV  ---> 25.6 PeV
### Run 0 starts on worker thread 15.
G4WT172 >      Cr_sctns:  Glauber-Gribov Nucl-nucl: 0 eV  ---> 25.6 PeV
### Run 0 starts on worker thread 172.
G4WT324 >      Cr_sctns:  Glauber-Gribov Nucl-nucl: 0 eV  ---> 25.6 PeV
### Run 0 starts on worker thread 324.
G4WT347 >      Cr_sctns:  Glauber-Gribov Nucl-nucl: 0 eV  ---> 25.6 PeV
### Run 0 starts on worker thread 347.
G4WT417 >      Cr_sctns:  Glauber-Gribov Nucl-nucl: 0 eV  ---> 25.6 PeV
### Run 0 starts on worker thread 417.
G4WT323 >      Cr_sctns:  Glauber-Gribov Nucl-nucl: 0 eV  ---> 25.6 PeV
### Run 0 starts on worker thread 323.
G4WT23 >      Cr_sctns:  Glauber-Gribov Nucl-nucl: 0 eV  ---> 25.6 PeV
### Run 0 starts on worker thread 23.
G4WT2 >      Cr_sctns:  Glauber-Gribov Nucl-nucl: 0 eV  ---> 25.6 PeV
### Run 0 starts on worker thread 2.
G4WT141 >      Cr_sctns:  Glauber-Gribov Nucl-nucl: 0 eV  ---> 25.6 PeV
### Run 0 starts on worker thread 141.
G4WT151 >      Cr_sctns:  Glauber-Gribov Nucl-nucl: 0 eV  ---> 25.6 PeV
### Run 0 starts on worker thread 151.
G4WT390 >      Cr_sctns:  Glauber-Gribov Nucl-nucl: 0 eV  ---> 25.6 PeV
### Run 0 starts on worker thread 390.
G4WT407 >      Cr_sctns:  Glauber-Gribov Nucl-nucl: 0 eV  ---> 25.6 PeV
### Run 0 starts on worker thread 407.
G4WT130 >      Cr_sctns:  Glauber-Gribov Nucl-nucl: 0 eV  ---> 25.6 PeV
### Run 0 starts on worker thread 130.
G4WT484 >      Cr_sctns:  Glauber-Gribov Nucl-nucl: 0 eV  ---> 25.6 PeV
### Run 0 starts on worker thread 484.
G4WT48 >      Cr_sctns:  Glauber-Gribov Nucl-nucl: 0 eV  ---> 25.6 PeV
### Run 0 starts on worker thread 48.
G4WT408 >      Cr_sctns:  Glauber-Gribov Nucl-nucl: 0 eV  ---> 25.6 PeV
### Run 0 starts on worker thread 408.
G4WT367 >      Cr_sctns:  Glauber-Gribov Nucl-nucl: 0 eV  ---> 25.6 PeV
### Run 0 starts on worker thread 367.
G4WT145 >      Cr_sctns:  Glauber-Gribov Nucl-nucl: 0 eV  ---> 25.6 PeV
### Run 0 starts on worker thread 145.
G4WT214 >      Cr_sctns:  Glauber-Gribov Nucl-nucl: 0 eV  ---> 25.6 PeV
### Run 0 starts on worker thread 214.
G4WT368 >      Cr_sctns:  Glauber-Gribov Nucl-nucl: 0 eV  ---> 25.6 PeV
### Run 0 starts on worker thread 368.
G4WT351 >      Cr_sctns:  Glauber-Gribov Nucl-nucl: 0 eV  ---> 25.6 PeV
### Run 0 starts on worker thread 351.
G4WT423 >      Cr_sctns:  Glauber-Gribov Nucl-nucl: 0 eV  ---> 25.6 PeV
### Run 0 starts on worker thread 423.
G4WT456 >      Cr_sctns:  Glauber-Gribov Nucl-nucl: 0 eV  ---> 25.6 PeV
### Run 0 starts on worker thread 456.
G4WT372 >      Cr_sctns:  Glauber-Gribov Nucl-nucl: 0 eV  ---> 25.6 PeV
### Run 0 starts on worker thread 372.
G4WT415 >      Cr_sctns:  Glauber-Gribov Nucl-nucl: 0 eV  ---> 25.6 PeV
### Run 0 starts on worker thread 415.
G4WT41 >      Cr_sctns:  Glauber-Gribov Nucl-nucl: 0 eV  ---> 25.6 PeV
### Run 0 starts on worker thread 41.
G4WT168 >      Cr_sctns:  Glauber-Gribov Nucl-nucl: 0 eV  ---> 25.6 PeV
### Run 0 starts on worker thread 168.
G4WT140 >      Cr_sctns:  Glauber-Gribov Nucl-nucl: 0 eV  ---> 25.6 PeV
### Run 0 starts on worker thread 140.
G4WT242 >      Cr_sctns:  Glauber-Gribov Nucl-nucl: 0 eV  ---> 25.6 PeV
### Run 0 starts on worker thread 242.
G4WT405 >      Cr_sctns:  Glauber-Gribov Nucl-nucl: 0 eV  ---> 25.6 PeV
### Run 0 starts on worker thread 405.
G4WT226 >      Cr_sctns:  Glauber-Gribov Nucl-nucl: 0 eV  ---> 25.6 PeV
### Run 0 starts on worker thread 226.
G4WT205 >      Cr_sctns:  Glauber-Gribov Nucl-nucl: 0 eV  ---> 25.6 PeV
### Run 0 starts on worker thread 205.
G4WT256 >      Cr_sctns:  Glauber-Gribov Nucl-nucl: 0 eV  ---> 25.6 PeV
### Run 0 starts on worker thread 256.
G4WT1 >      Cr_sctns:  Glauber-Gribov Nucl-nucl: 0 eV  ---> 25.6 PeV
### Run 0 starts on worker thread 1.
G4WT504 >      Cr_sctns:  Glauber-Gribov Nucl-nucl: 0 eV  ---> 25.6 PeV
### Run 0 starts on worker thread 504.
G4WT190 >      Cr_sctns:  Glauber-Gribov Nucl-nucl: 0 eV  ---> 25.6 PeV
### Run 0 starts on worker thread 190.
G4WT392 >      Cr_sctns:  Glauber-Gribov Nucl-nucl: 0 eV  ---> 25.6 PeV
### Run 0 starts on worker thread 392.
G4WT300 >      Cr_sctns:  Glauber-Gribov Nucl-nucl: 0 eV  ---> 25.6 PeV
### Run 0 starts on worker thread 300.
G4WT129 >      Cr_sctns:  Glauber-Gribov Nucl-nucl: 0 eV  ---> 25.6 PeV
### Run 0 starts on worker thread 129.
G4WT445 >      Cr_sctns:  Glauber-Gribov Nucl-nucl: 0 eV  ---> 25.6 PeV
### Run 0 starts on worker thread 445.
G4WT346 >      Cr_sctns:  Glauber-Gribov Nucl-nucl: 0 eV  ---> 25.6 PeV
### Run 0 starts on worker thread 346.
G4WT490 >      Cr_sctns:  Glauber-Gribov Nucl-nucl: 0 eV  ---> 25.6 PeV
### Run 0 starts on worker thread 490.
G4WT343 >      Cr_sctns:  Glauber-Gribov Nucl-nucl: 0 eV  ---> 25.6 PeV
### Run 0 starts on worker thread 343.
G4WT29 >      Cr_sctns:  Glauber-Gribov Nucl-nucl: 0 eV  ---> 25.6 PeV
### Run 0 starts on worker thread 29.
G4WT296 >      Cr_sctns:  Glauber-Gribov Nucl-nucl: 0 eV  ---> 25.6 PeV
### Run 0 starts on worker thread 296.
G4WT263 >      Cr_sctns:  Glauber-Gribov Nucl-nucl: 0 eV  ---> 25.6 PeV
### Run 0 starts on worker thread 263.
G4WT115 >      Cr_sctns:  Glauber-Gribov Nucl-nucl: 0 eV  ---> 25.6 PeV
### Run 0 starts on worker thread 115.
G4WT494 >      Cr_sctns:  Glauber-Gribov Nucl-nucl: 0 eV  ---> 25.6 PeV
### Run 0 starts on worker thread 494.
G4WT470 >      Cr_sctns:  Glauber-Gribov Nucl-nucl: 0 eV  ---> 25.6 PeV
### Run 0 starts on worker thread 470.
G4WT27 >      Cr_sctns:  Glauber-Gribov Nucl-nucl: 0 eV  ---> 25.6 PeV
### Run 0 starts on worker thread 27.
G4WT235 >      Cr_sctns:  Glauber-Gribov Nucl-nucl: 0 eV  ---> 25.6 PeV
### Run 0 starts on worker thread 235.
G4WT11 >      Cr_sctns:  Glauber-Gribov Nucl-nucl: 0 eV  ---> 25.6 PeV
### Run 0 starts on worker thread 11.
G4WT370 >      Cr_sctns:  Glauber-Gribov Nucl-nucl: 0 eV  ---> 25.6 PeV
### Run 0 starts on worker thread 370.
G4WT204 >      Cr_sctns:  Glauber-Gribov Nucl-nucl: 0 eV  ---> 25.6 PeV
### Run 0 starts on worker thread 204.
G4WT71 >      Cr_sctns:  Glauber-Gribov Nucl-nucl: 0 eV  ---> 25.6 PeV
### Run 0 starts on worker thread 71.
G4WT50 >      Cr_sctns:  Glauber-Gribov Nucl-nucl: 0 eV  ---> 25.6 PeV
### Run 0 starts on worker thread 50.
G4WT306 >      Cr_sctns:  Glauber-Gribov Nucl-nucl: 0 eV  ---> 25.6 PeV
### Run 0 starts on worker thread 306.
G4WT8 >      Cr_sctns:  Glauber-Gribov Nucl-nucl: 0 eV  ---> 25.6 PeV
### Run 0 starts on worker thread 8.
G4WT250 >      Cr_sctns:  Glauber-Gribov Nucl-nucl: 0 eV  ---> 25.6 PeV
### Run 0 starts on worker thread 250.
G4WT28 >      Cr_sctns:  Glauber-Gribov Nucl-nucl: 0 eV  ---> 25.6 PeV
### Run 0 starts on worker thread 28.
G4WT63 >      Cr_sctns:  Glauber-Gribov Nucl-nucl: 0 eV  ---> 25.6 PeV
### Run 0 starts on worker thread 63.
G4WT270 >      Cr_sctns:  Glauber-Gribov Nucl-nucl: 0 eV  ---> 25.6 PeV
### Run 0 starts on worker thread 270.
G4WT483 >      Cr_sctns:  Glauber-Gribov Nucl-nucl: 0 eV  ---> 25.6 PeV
### Run 0 starts on worker thread 483.
G4WT119 >      Cr_sctns:  Glauber-Gribov Nucl-nucl: 0 eV  ---> 25.6 PeV
### Run 0 starts on worker thread 119.
G4WT486 >      Cr_sctns:  Glauber-Gribov Nucl-nucl: 0 eV  ---> 25.6 PeV
### Run 0 starts on worker thread 486.
G4WT376 >      Cr_sctns:  Glauber-Gribov Nucl-nucl: 0 eV  ---> 25.6 PeV
### Run 0 starts on worker thread 376.
G4WT444 >      Cr_sctns:  Glauber-Gribov Nucl-nucl: 0 eV  ---> 25.6 PeV
### Run 0 starts on worker thread 444.
G4WT430 >      Cr_sctns:  Glauber-Gribov Nucl-nucl: 0 eV  ---> 25.6 PeV
### Run 0 starts on worker thread 430.
G4WT106 >      Cr_sctns:  Glauber-Gribov Nucl-nucl: 0 eV  ---> 25.6 PeV
### Run 0 starts on worker thread 106.
G4WT158 >      Cr_sctns:  Glauber-Gribov Nucl-nucl: 0 eV  ---> 25.6 PeV
### Run 0 starts on worker thread 158.
G4WT234 >      Cr_sctns:  Glauber-Gribov Nucl-nucl: 0 eV  ---> 25.6 PeV
### Run 0 starts on worker thread 234.
G4WT173 >      Cr_sctns:  Glauber-Gribov Nucl-nucl: 0 eV  ---> 25.6 PeV
### Run 0 starts on worker thread 173.
G4WT373 >      Cr_sctns:  Glauber-Gribov Nucl-nucl: 0 eV  ---> 25.6 PeV
### Run 0 starts on worker thread 373.
G4WT505 >      Cr_sctns:  Glauber-Gribov Nucl-nucl: 0 eV  ---> 25.6 PeV
### Run 0 starts on worker thread 505.
G4WT103 >      Cr_sctns:  Glauber-Gribov Nucl-nucl: 0 eV  ---> 25.6 PeV
### Run 0 starts on worker thread 103.
G4WT192 >      Cr_sctns:  Glauber-Gribov Nucl-nucl: 0 eV  ---> 25.6 PeV
### Run 0 starts on worker thread 192.
G4WT442 >      Cr_sctns:  Glauber-Gribov Nucl-nucl: 0 eV  ---> 25.6 PeV
### Run 0 starts on worker thread 442.
G4WT247 >      Cr_sctns:  Glauber-Gribov Nucl-nucl: 0 eV  ---> 25.6 PeV
### Run 0 starts on worker thread 247.
G4WT180 >      Cr_sctns:  Glauber-Gribov Nucl-nucl: 0 eV  ---> 25.6 PeV
### Run 0 starts on worker thread 180.
G4WT454 >      Cr_sctns:  Glauber-Gribov Nucl-nucl: 0 eV  ---> 25.6 PeV
### Run 0 starts on worker thread 454.
G4WT202 >      Cr_sctns:  Glauber-Gribov Nucl-nucl: 0 eV  ---> 25.6 PeV
### Run 0 starts on worker thread 202.
G4WT138 >      Cr_sctns:  Glauber-Gribov Nucl-nucl: 0 eV  ---> 25.6 PeV
### Run 0 starts on worker thread 138.
G4WT297 >      Cr_sctns:  Glauber-Gribov Nucl-nucl: 0 eV  ---> 25.6 PeV
### Run 0 starts on worker thread 297.
G4WT261 >      Cr_sctns:  Glauber-Gribov Nucl-nucl: 0 eV  ---> 25.6 PeV
### Run 0 starts on worker thread 261.
G4WT227 >      Cr_sctns:  Glauber-Gribov Nucl-nucl: 0 eV  ---> 25.6 PeV
### Run 0 starts on worker thread 227.
G4WT400 >      Cr_sctns:  Glauber-Gribov Nucl-nucl: 0 eV  ---> 25.6 PeV
### Run 0 starts on worker thread 400.
G4WT43 >      Cr_sctns:  Glauber-Gribov Nucl-nucl: 0 eV  ---> 25.6 PeV
### Run 0 starts on worker thread 43.
G4WT60 >      Cr_sctns:  Glauber-Gribov Nucl-nucl: 0 eV  ---> 25.6 PeV
### Run 0 starts on worker thread 60.
G4WT177 >      Cr_sctns:  Glauber-Gribov Nucl-nucl: 0 eV  ---> 25.6 PeV
### Run 0 starts on worker thread 177.
G4WT337 >      Cr_sctns:  Glauber-Gribov Nucl-nucl: 0 eV  ---> 25.6 PeV
### Run 0 starts on worker thread 337.
G4WT88 >      Cr_sctns:  Glauber-Gribov Nucl-nucl: 0 eV  ---> 25.6 PeV
### Run 0 starts on worker thread 88.
G4WT350 >      Cr_sctns:  Glauber-Gribov Nucl-nucl: 0 eV  ---> 25.6 PeV
### Run 0 starts on worker thread 350.
G4WT420 >      Cr_sctns:  Glauber-Gribov Nucl-nucl: 0 eV  ---> 25.6 PeV
### Run 0 starts on worker thread 420.
G4WT374 >      Cr_sctns:  Glauber-Gribov Nucl-nucl: 0 eV  ---> 25.6 PeV
### Run 0 starts on worker thread 374.
G4WT501 >      Cr_sctns:  Glauber-Gribov Nucl-nucl: 0 eV  ---> 25.6 PeV
### Run 0 starts on worker thread 501.
G4WT213 >      Cr_sctns:  Glauber-Gribov Nucl-nucl: 0 eV  ---> 25.6 PeV
### Run 0 starts on worker thread 213.
G4WT435 >      Cr_sctns:  Glauber-Gribov Nucl-nucl: 0 eV  ---> 25.6 PeV
### Run 0 starts on worker thread 435.
G4WT389 >      Cr_sctns:  Glauber-Gribov Nucl-nucl: 0 eV  ---> 25.6 PeV
### Run 0 starts on worker thread 389.
G4WT110 >      Cr_sctns:  Glauber-Gribov Nucl-nucl: 0 eV  ---> 25.6 PeV
### Run 0 starts on worker thread 110.
G4WT181 >      Cr_sctns:  Glauber-Gribov Nucl-nucl: 0 eV  ---> 25.6 PeV
### Run 0 starts on worker thread 181.
G4WT419 >      Cr_sctns:  Glauber-Gribov Nucl-nucl: 0 eV  ---> 25.6 PeV
### Run 0 starts on worker thread 419.
G4WT34 >      Cr_sctns:  Glauber-Gribov Nucl-nucl: 0 eV  ---> 25.6 PeV
### Run 0 starts on worker thread 34.
G4WT510 >      Cr_sctns:  Glauber-Gribov Nucl-nucl: 0 eV  ---> 25.6 PeV
### Run 0 starts on worker thread 510.
G4WT38 >      Cr_sctns:  Glauber-Gribov Nucl-nucl: 0 eV  ---> 25.6 PeV
### Run 0 starts on worker thread 38.
G4WT477 >      Cr_sctns:  Glauber-Gribov Nucl-nucl: 0 eV  ---> 25.6 PeV
### Run 0 starts on worker thread 477.
G4WT398 >      Cr_sctns:  Glauber-Gribov Nucl-nucl: 0 eV  ---> 25.6 PeV
### Run 0 starts on worker thread 398.
G4WT40 >      Cr_sctns:  Glauber-Gribov Nucl-nucl: 0 eV  ---> 25.6 PeV
### Run 0 starts on worker thread 40.
G4WT107 >      Cr_sctns:  Glauber-Gribov Nucl-nucl: 0 eV  ---> 25.6 PeV
### Run 0 starts on worker thread 107.
G4WT391 >      Cr_sctns:  Glauber-Gribov Nucl-nucl: 0 eV  ---> 25.6 PeV
### Run 0 starts on worker thread 391.
G4WT239 >      Cr_sctns:  Glauber-Gribov Nucl-nucl: 0 eV  ---> 25.6 PeV
### Run 0 starts on worker thread 239.
G4WT116 >      Cr_sctns:  Glauber-Gribov Nucl-nucl: 0 eV  ---> 25.6 PeV
### Run 0 starts on worker thread 116.
G4WT352 >      Cr_sctns:  Glauber-Gribov Nucl-nucl: 0 eV  ---> 25.6 PeV
### Run 0 starts on worker thread 352.
G4WT109 >      Cr_sctns:  Glauber-Gribov Nucl-nucl: 0 eV  ---> 25.6 PeV
### Run 0 starts on worker thread 109.
G4WT362 >      Cr_sctns:  Glauber-Gribov Nucl-nucl: 0 eV  ---> 25.6 PeV
### Run 0 starts on worker thread 362.
G4WT422 >      Cr_sctns:  Glauber-Gribov Nucl-nucl: 0 eV  ---> 25.6 PeV
### Run 0 starts on worker thread 422.
G4WT482 >      Cr_sctns:  Glauber-Gribov Nucl-nucl: 0 eV  ---> 25.6 PeV
### Run 0 starts on worker thread 482.
G4WT95 >      Cr_sctns:  Glauber-Gribov Nucl-nucl: 0 eV  ---> 25.6 PeV
### Run 0 starts on worker thread 95.
G4WT387 >      Cr_sctns:  Glauber-Gribov Nucl-nucl: 0 eV  ---> 25.6 PeV
### Run 0 starts on worker thread 387.
G4WT301 >      Cr_sctns:  Glauber-Gribov Nucl-nucl: 0 eV  ---> 25.6 PeV
### Run 0 starts on worker thread 301.
G4WT380 >      Cr_sctns:  Glauber-Gribov Nucl-nucl: 0 eV  ---> 25.6 PeV
### Run 0 starts on worker thread 380.
G4WT491 >      Cr_sctns:  Glauber-Gribov Nucl-nucl: 0 eV  ---> 25.6 PeV
### Run 0 starts on worker thread 491.
G4WT42 >      Cr_sctns:  Glauber-Gribov Nucl-nucl: 0 eV  ---> 25.6 PeV
### Run 0 starts on worker thread 42.
G4WT471 >      Cr_sctns:  Glauber-Gribov Nucl-nucl: 0 eV  ---> 25.6 PeV
### Run 0 starts on worker thread 471.
G4WT439 >      Cr_sctns:  Glauber-Gribov Nucl-nucl: 0 eV  ---> 25.6 PeV
### Run 0 starts on worker thread 439.
G4WT224 >      Cr_sctns:  Glauber-Gribov Nucl-nucl: 0 eV  ---> 25.6 PeV
### Run 0 starts on worker thread 224.
G4WT310 >      Cr_sctns:  Glauber-Gribov Nucl-nucl: 0 eV  ---> 25.6 PeV
### Run 0 starts on worker thread 310.
G4WT281 >      Cr_sctns:  Glauber-Gribov Nucl-nucl: 0 eV  ---> 25.6 PeV
### Run 0 starts on worker thread 281.
G4WT479 >      Cr_sctns:  Glauber-Gribov Nucl-nucl: 0 eV  ---> 25.6 PeV
### Run 0 starts on worker thread 479.
G4WT404 >      Cr_sctns:  Glauber-Gribov Nucl-nucl: 0 eV  ---> 25.6 PeV
### Run 0 starts on worker thread 404.
G4WT320 >      Cr_sctns:  Glauber-Gribov Nucl-nucl: 0 eV  ---> 25.6 PeV
### Run 0 starts on worker thread 320.
G4WT77 >      Cr_sctns:  Glauber-Gribov Nucl-nucl: 0 eV  ---> 25.6 PeV
### Run 0 starts on worker thread 77.
G4WT379 >      Cr_sctns:  Glauber-Gribov Nucl-nucl: 0 eV  ---> 25.6 PeV
### Run 0 starts on worker thread 379.
G4WT123 >      Cr_sctns:  Glauber-Gribov Nucl-nucl: 0 eV  ---> 25.6 PeV
### Run 0 starts on worker thread 123.
G4WT233 >      Cr_sctns:  Glauber-Gribov Nucl-nucl: 0 eV  ---> 25.6 PeV
### Run 0 starts on worker thread 233.
G4WT275 >      Cr_sctns:  Glauber-Gribov Nucl-nucl: 0 eV  ---> 25.6 PeV
### Run 0 starts on worker thread 275.
G4WT91 >      Cr_sctns:  Glauber-Gribov Nucl-nucl: 0 eV  ---> 25.6 PeV
### Run 0 starts on worker thread 91.
G4WT127 >      Cr_sctns:  Glauber-Gribov Nucl-nucl: 0 eV  ---> 25.6 PeV
### Run 0 starts on worker thread 127.
G4WT131 >      Cr_sctns:  Glauber-Gribov Nucl-nucl: 0 eV  ---> 25.6 PeV
### Run 0 starts on worker thread 131.
G4WT314 >      Cr_sctns:  Glauber-Gribov Nucl-nucl: 0 eV  ---> 25.6 PeV
### Run 0 starts on worker thread 314.
G4WT221 >      Cr_sctns:  Glauber-Gribov Nucl-nucl: 0 eV  ---> 25.6 PeV
### Run 0 starts on worker thread 221.
G4WT96 >      Cr_sctns:  Glauber-Gribov Nucl-nucl: 0 eV  ---> 25.6 PeV
### Run 0 starts on worker thread 96.
G4WT187 >      Cr_sctns:  Glauber-Gribov Nucl-nucl: 0 eV  ---> 25.6 PeV
### Run 0 starts on worker thread 187.
G4WT111 >      Cr_sctns:  Glauber-Gribov Nucl-nucl: 0 eV  ---> 25.6 PeV
### Run 0 starts on worker thread 111.
G4WT6 >      Cr_sctns:  Glauber-Gribov Nucl-nucl: 0 eV  ---> 25.6 PeV
### Run 0 starts on worker thread 6.
G4WT46 >      Cr_sctns:  Glauber-Gribov Nucl-nucl: 0 eV  ---> 25.6 PeV
### Run 0 starts on worker thread 46.
G4WT410 >      Cr_sctns:  Glauber-Gribov Nucl-nucl: 0 eV  ---> 25.6 PeV
### Run 0 starts on worker thread 410.
G4WT92 >      Cr_sctns:  Glauber-Gribov Nucl-nucl: 0 eV  ---> 25.6 PeV
### Run 0 starts on worker thread 92.
G4WT396 >      Cr_sctns:  Glauber-Gribov Nucl-nucl: 0 eV  ---> 25.6 PeV
### Run 0 starts on worker thread 396.
G4WT92 > --> Event 1252 starts with initial seeds (7889643,84751917).
G4WT132 >      Cr_sctns:  Glauber-Gribov Nucl-nucl: 0 eV  ---> 25.6 PeV
### Run 0 starts on worker thread 132.
G4WT502 >      Cr_sctns:  Glauber-Gribov Nucl-nucl: 0 eV  ---> 25.6 PeV
### Run 0 starts on worker thread 502.
G4WT262 >      Cr_sctns:  Glauber-Gribov Nucl-nucl: 0 eV  ---> 25.6 PeV
### Run 0 starts on worker thread 262.
G4WT328 >      Cr_sctns:  Glauber-Gribov Nucl-nucl: 0 eV  ---> 25.6 PeV
### Run 0 starts on worker thread 328.
G4WT102 >      Cr_sctns:  Glauber-Gribov Nucl-nucl: 0 eV  ---> 25.6 PeV
### Run 0 starts on worker thread 102.
G4WT232 >      Cr_sctns:  Glauber-Gribov Nucl-nucl: 0 eV  ---> 25.6 PeV
### Run 0 starts on worker thread 232.
G4WT200 >      Cr_sctns:  Glauber-Gribov Nucl-nucl: 0 eV  ---> 25.6 PeV
### Run 0 starts on worker thread 200.
G4WT163 >      Cr_sctns:  Glauber-Gribov Nucl-nucl: 0 eV  ---> 25.6 PeV
### Run 0 starts on worker thread 163.
G4WT375 >      Cr_sctns:  Glauber-Gribov Nucl-nucl: 0 eV  ---> 25.6 PeV
### Run 0 starts on worker thread 375.
G4WT331 >      Cr_sctns:  Glauber-Gribov Nucl-nucl: 0 eV  ---> 25.6 PeV
### Run 0 starts on worker thread 331.
G4WT345 >      Cr_sctns:  Glauber-Gribov Nucl-nucl: 0 eV  ---> 25.6 PeV
### Run 0 starts on worker thread 345.
G4WT82 >      Cr_sctns:  Glauber-Gribov Nucl-nucl: 0 eV  ---> 25.6 PeV
### Run 0 starts on worker thread 82.
G4WT447 >      Cr_sctns:  Glauber-Gribov Nucl-nucl: 0 eV  ---> 25.6 PeV
### Run 0 starts on worker thread 447.
G4WT148 >      Cr_sctns:  Glauber-Gribov Nucl-nucl: 0 eV  ---> 25.6 PeV
### Run 0 starts on worker thread 148.
G4WT452 >      Cr_sctns:  Glauber-Gribov Nucl-nucl: 0 eV  ---> 25.6 PeV
### Run 0 starts on worker thread 452.
G4WT267 >      Cr_sctns:  Glauber-Gribov Nucl-nucl: 0 eV  ---> 25.6 PeV
### Run 0 starts on worker thread 267.
G4WT464 >      Cr_sctns:  Glauber-Gribov Nucl-nucl: 0 eV  ---> 25.6 PeV
### Run 0 starts on worker thread 464.
G4WT359 >      Cr_sctns:  Glauber-Gribov Nucl-nucl: 0 eV  ---> 25.6 PeV
### Run 0 starts on worker thread 359.
G4WT378 >      Cr_sctns:  Glauber-Gribov Nucl-nucl: 0 eV  ---> 25.6 PeV
### Run 0 starts on worker thread 378.
G4WT322 >      Cr_sctns:  Glauber-Gribov Nucl-nucl: 0 eV  ---> 25.6 PeV
### Run 0 starts on worker thread 322.
G4WT156 >      Cr_sctns:  Glauber-Gribov Nucl-nucl: 0 eV  ---> 25.6 PeV
### Run 0 starts on worker thread 156.
G4WT285 >      Cr_sctns:  Glauber-Gribov Nucl-nucl: 0 eV  ---> 25.6 PeV
### Run 0 starts on worker thread 285.
G4WT228 >      Cr_sctns:  Glauber-Gribov Nucl-nucl: 0 eV  ---> 25.6 PeV
### Run 0 starts on worker thread 228.
G4WT243 >      Cr_sctns:  Glauber-Gribov Nucl-nucl: 0 eV  ---> 25.6 PeV
### Run 0 starts on worker thread 243.
G4WT414 >      Cr_sctns:  Glauber-Gribov Nucl-nucl: 0 eV  ---> 25.6 PeV
### Run 0 starts on worker thread 414.
G4WT252 >      Cr_sctns:  Glauber-Gribov Nucl-nucl: 0 eV  ---> 25.6 PeV
### Run 0 starts on worker thread 252.
G4WT496 >      Cr_sctns:  Glauber-Gribov Nucl-nucl: 0 eV  ---> 25.6 PeV
### Run 0 starts on worker thread 496.
G4WT289 >      Cr_sctns:  Glauber-Gribov Nucl-nucl: 0 eV  ---> 25.6 PeV
### Run 0 starts on worker thread 289.
G4WT290 >      Cr_sctns:  Glauber-Gribov Nucl-nucl: 0 eV  ---> 25.6 PeV
### Run 0 starts on worker thread 290.
G4WT122 >      Cr_sctns:  Glauber-Gribov Nucl-nucl: 0 eV  ---> 25.6 PeV
### Run 0 starts on worker thread 122.
G4WT134 >      Cr_sctns:  Glauber-Gribov Nucl-nucl: 0 eV  ---> 25.6 PeV
### Run 0 starts on worker thread 134.
G4WT13 >      Cr_sctns:  Glauber-Gribov Nucl-nucl: 0 eV  ---> 25.6 PeV
### Run 0 starts on worker thread 13.
G4WT231 >      Cr_sctns:  Glauber-Gribov Nucl-nucl: 0 eV  ---> 25.6 PeV
### Run 0 starts on worker thread 231.
G4WT59 >      Cr_sctns:  Glauber-Gribov Nucl-nucl: 0 eV  ---> 25.6 PeV
### Run 0 starts on worker thread 59.
G4WT97 >      Cr_sctns:  Glauber-Gribov Nucl-nucl: 0 eV  ---> 25.6 PeV
### Run 0 starts on worker thread 97.
G4WT382 >      Cr_sctns:  Glauber-Gribov Nucl-nucl: 0 eV  ---> 25.6 PeV
### Run 0 starts on worker thread 382.
G4WT124 >      Cr_sctns:  Glauber-Gribov Nucl-nucl: 0 eV  ---> 25.6 PeV
### Run 0 starts on worker thread 124.
G4WT283 >      Cr_sctns:  Glauber-Gribov Nucl-nucl: 0 eV  ---> 25.6 PeV
### Run 0 starts on worker thread 283.
G4WT170 >      Cr_sctns:  Glauber-Gribov Nucl-nucl: 0 eV  ---> 25.6 PeV
### Run 0 starts on worker thread 170.
G4WT3 >      Cr_sctns:  Glauber-Gribov Nucl-nucl: 0 eV  ---> 25.6 PeV
### Run 0 starts on worker thread 3.
G4WT472 >      Cr_sctns:  Glauber-Gribov Nucl-nucl: 0 eV  ---> 25.6 PeV
### Run 0 starts on worker thread 472.
G4WT7 >      Cr_sctns:  Glauber-Gribov Nucl-nucl: 0 eV  ---> 25.6 PeV
### Run 0 starts on worker thread 7.
G4WT206 >      Cr_sctns:  Glauber-Gribov Nucl-nucl: 0 eV  ---> 25.6 PeV
### Run 0 starts on worker thread 206.
G4WT412 >      Cr_sctns:  Glauber-Gribov Nucl-nucl: 0 eV  ---> 25.6 PeV
### Run 0 starts on worker thread 412.
G4WT203 >      Cr_sctns:  Glauber-Gribov Nucl-nucl: 0 eV  ---> 25.6 PeV
### Run 0 starts on worker thread 203.
G4WT475 >      Cr_sctns:  Glauber-Gribov Nucl-nucl: 0 eV  ---> 25.6 PeV
### Run 0 starts on worker thread 475.
G4WT299 >      Cr_sctns:  Glauber-Gribov Nucl-nucl: 0 eV  ---> 25.6 PeV
### Run 0 starts on worker thread 299.
G4WT312 >      Cr_sctns:  Glauber-Gribov Nucl-nucl: 0 eV  ---> 25.6 PeV
### Run 0 starts on worker thread 312.
G4WT305 >      Cr_sctns:  Glauber-Gribov Nucl-nucl: 0 eV  ---> 25.6 PeV
### Run 0 starts on worker thread 305.
G4WT32 >      Cr_sctns:  Glauber-Gribov Nucl-nucl: 0 eV  ---> 25.6 PeV
### Run 0 starts on worker thread 32.
G4WT440 >      Cr_sctns:  Glauber-Gribov Nucl-nucl: 0 eV  ---> 25.6 PeV
### Run 0 starts on worker thread 440.
G4WT121 >      Cr_sctns:  Glauber-Gribov Nucl-nucl: 0 eV  ---> 25.6 PeV
### Run 0 starts on worker thread 121.
G4WT449 >      Cr_sctns:  Glauber-Gribov Nucl-nucl: 0 eV  ---> 25.6 PeV
### Run 0 starts on worker thread 449.
G4WT67 >      Cr_sctns:  Glauber-Gribov Nucl-nucl: 0 eV  ---> 25.6 PeV
### Run 0 starts on worker thread 67.
G4WT355 >      Cr_sctns:  Glauber-Gribov Nucl-nucl: 0 eV  ---> 25.6 PeV
### Run 0 starts on worker thread 355.
G4WT167 >      Cr_sctns:  Glauber-Gribov Nucl-nucl: 0 eV  ---> 25.6 PeV
### Run 0 starts on worker thread 167.
G4WT495 >      Cr_sctns:  Glauber-Gribov Nucl-nucl: 0 eV  ---> 25.6 PeV
### Run 0 starts on worker thread 495.
G4WT336 >      Cr_sctns:  Glauber-Gribov Nucl-nucl: 0 eV  ---> 25.6 PeV
### Run 0 starts on worker thread 336.
G4WT403 >      Cr_sctns:  Glauber-Gribov Nucl-nucl: 0 eV  ---> 25.6 PeV
### Run 0 starts on worker thread 403.
G4WT303 >      Cr_sctns:  Glauber-Gribov Nucl-nucl: 0 eV  ---> 25.6 PeV
### Run 0 starts on worker thread 303.
G4WT66 >      Cr_sctns:  Glauber-Gribov Nucl-nucl: 0 eV  ---> 25.6 PeV
### Run 0 starts on worker thread 66.
G4WT266 >      Cr_sctns:  Glauber-Gribov Nucl-nucl: 0 eV  ---> 25.6 PeV
### Run 0 starts on worker thread 266.
G4WT313 >      Cr_sctns:  Glauber-Gribov Nucl-nucl: 0 eV  ---> 25.6 PeV
### Run 0 starts on worker thread 313.
G4WT371 >      Cr_sctns:  Glauber-Gribov Nucl-nucl: 0 eV  ---> 25.6 PeV
### Run 0 starts on worker thread 371.
G4WT434 >      Cr_sctns:  Glauber-Gribov Nucl-nucl: 0 eV  ---> 25.6 PeV
### Run 0 starts on worker thread 434.
G4WT84 >      Cr_sctns:  Glauber-Gribov Nucl-nucl: 0 eV  ---> 25.6 PeV
### Run 0 starts on worker thread 84.
G4WT468 >      Cr_sctns:  Glauber-Gribov Nucl-nucl: 0 eV  ---> 25.6 PeV
### Run 0 starts on worker thread 468.
G4WT99 >      Cr_sctns:  Glauber-Gribov Nucl-nucl: 0 eV  ---> 25.6 PeV
### Run 0 starts on worker thread 99.
G4WT176 >      Cr_sctns:  Glauber-Gribov Nucl-nucl: 0 eV  ---> 25.6 PeV
### Run 0 starts on worker thread 176.
G4WT428 >      Cr_sctns:  Glauber-Gribov Nucl-nucl: 0 eV  ---> 25.6 PeV
### Run 0 starts on worker thread 428.
G4WT497 >      Cr_sctns:  Glauber-Gribov Nucl-nucl: 0 eV  ---> 25.6 PeV
### Run 0 starts on worker thread 497.
G4WT24 >      Cr_sctns:  Glauber-Gribov Nucl-nucl: 0 eV  ---> 25.6 PeV
### Run 0 starts on worker thread 24.
G4WT58 >      Cr_sctns:  Glauber-Gribov Nucl-nucl: 0 eV  ---> 25.6 PeV
### Run 0 starts on worker thread 58.
G4WT258 >      Cr_sctns:  Glauber-Gribov Nucl-nucl: 0 eV  ---> 25.6 PeV
### Run 0 starts on worker thread 258.
G4WT171 >      Cr_sctns:  Glauber-Gribov Nucl-nucl: 0 eV  ---> 25.6 PeV
### Run 0 starts on worker thread 171.
G4WT293 >      Cr_sctns:  Glauber-Gribov Nucl-nucl: 0 eV  ---> 25.6 PeV
### Run 0 starts on worker thread 293.
G4WT269 >      Cr_sctns:  Glauber-Gribov Nucl-nucl: 0 eV  ---> 25.6 PeV
### Run 0 starts on worker thread 269.
G4WT451 >      Cr_sctns:  Glauber-Gribov Nucl-nucl: 0 eV  ---> 25.6 PeV
### Run 0 starts on worker thread 451.
G4WT386 >      Cr_sctns:  Glauber-Gribov Nucl-nucl: 0 eV  ---> 25.6 PeV
### Run 0 starts on worker thread 386.
G4WT335 >      Cr_sctns:  Glauber-Gribov Nucl-nucl: 0 eV  ---> 25.6 PeV
### Run 0 starts on worker thread 335.
G4WT426 >      Cr_sctns:  Glauber-Gribov Nucl-nucl: 0 eV  ---> 25.6 PeV
### Run 0 starts on worker thread 426.
G4WT195 >      Cr_sctns:  Glauber-Gribov Nucl-nucl: 0 eV  ---> 25.6 PeV
### Run 0 starts on worker thread 195.
G4WT244 >      Cr_sctns:  Glauber-Gribov Nucl-nucl: 0 eV  ---> 25.6 PeV
### Run 0 starts on worker thread 244.
G4WT114 >      Cr_sctns:  Glauber-Gribov Nucl-nucl: 0 eV  ---> 25.6 PeV
### Run 0 starts on worker thread 114.
G4WT257 >      Cr_sctns:  Glauber-Gribov Nucl-nucl: 0 eV  ---> 25.6 PeV
### Run 0 starts on worker thread 257.
G4WT309 >      Cr_sctns:  Glauber-Gribov Nucl-nucl: 0 eV  ---> 25.6 PeV
### Run 0 starts on worker thread 309.
G4WT182 >      Cr_sctns:  Glauber-Gribov Nucl-nucl: 0 eV  ---> 25.6 PeV
### Run 0 starts on worker thread 182.
G4WT143 >      Cr_sctns:  Glauber-Gribov Nucl-nucl: 0 eV  ---> 25.6 PeV
### Run 0 starts on worker thread 143.
G4WT16 >      Cr_sctns:  Glauber-Gribov Nucl-nucl: 0 eV  ---> 25.6 PeV
### Run 0 starts on worker thread 16.
G4WT354 >      Cr_sctns:  Glauber-Gribov Nucl-nucl: 0 eV  ---> 25.6 PeV
### Run 0 starts on worker thread 354.
G4WT33 >      Cr_sctns:  Glauber-Gribov Nucl-nucl: 0 eV  ---> 25.6 PeV
### Run 0 starts on worker thread 33.
G4WT431 >      Cr_sctns:  Glauber-Gribov Nucl-nucl: 0 eV  ---> 25.6 PeV
### Run 0 starts on worker thread 431.
G4WT19 >      Cr_sctns:  Glauber-Gribov Nucl-nucl: 0 eV  ---> 25.6 PeV
### Run 0 starts on worker thread 19.
G4WT459 >      Cr_sctns:  Glauber-Gribov Nucl-nucl: 0 eV  ---> 25.6 PeV
### Run 0 starts on worker thread 459.
G4WT146 >      Cr_sctns:  Glauber-Gribov Nucl-nucl: 0 eV  ---> 25.6 PeV
### Run 0 starts on worker thread 146.
G4WT473 >      Cr_sctns:  Glauber-Gribov Nucl-nucl: 0 eV  ---> 25.6 PeV
### Run 0 starts on worker thread 473.
G4WT317 >      Cr_sctns:  Glauber-Gribov Nucl-nucl: 0 eV  ---> 25.6 PeV
### Run 0 starts on worker thread 317.
G4WT437 >      Cr_sctns:  Glauber-Gribov Nucl-nucl: 0 eV  ---> 25.6 PeV
### Run 0 starts on worker thread 437.
G4WT152 >      Cr_sctns:  Glauber-Gribov Nucl-nucl: 0 eV  ---> 25.6 PeV
### Run 0 starts on worker thread 152.
G4WT460 >      Cr_sctns:  Glauber-Gribov Nucl-nucl: 0 eV  ---> 25.6 PeV
### Run 0 starts on worker thread 460.
G4WT341 >      Cr_sctns:  Glauber-Gribov Nucl-nucl: 0 eV  ---> 25.6 PeV
### Run 0 starts on worker thread 341.
G4WT334 >      Cr_sctns:  Glauber-Gribov Nucl-nucl: 0 eV  ---> 25.6 PeV
### Run 0 starts on worker thread 334.
G4WT319 >      Cr_sctns:  Glauber-Gribov Nucl-nucl: 0 eV  ---> 25.6 PeV
### Run 0 starts on worker thread 319.
G4WT198 >      Cr_sctns:  Glauber-Gribov Nucl-nucl: 0 eV  ---> 25.6 PeV
### Run 0 starts on worker thread 198.
G4WT139 >      Cr_sctns:  Glauber-Gribov Nucl-nucl: 0 eV  ---> 25.6 PeV
### Run 0 starts on worker thread 139.
G4WT223 >      Cr_sctns:  Glauber-Gribov Nucl-nucl: 0 eV  ---> 25.6 PeV
### Run 0 starts on worker thread 223.
G4WT330 >      Cr_sctns:  Glauber-Gribov Nucl-nucl: 0 eV  ---> 25.6 PeV
### Run 0 starts on worker thread 330.
G4WT178 >      Cr_sctns:  Glauber-Gribov Nucl-nucl: 0 eV  ---> 25.6 PeV
### Run 0 starts on worker thread 178.
G4WT248 >      Cr_sctns:  Glauber-Gribov Nucl-nucl: 0 eV  ---> 25.6 PeV
### Run 0 starts on worker thread 248.
G4WT169 >      Cr_sctns:  Glauber-Gribov Nucl-nucl: 0 eV  ---> 25.6 PeV
### Run 0 starts on worker thread 169.
G4WT230 >      Cr_sctns:  Glauber-Gribov Nucl-nucl: 0 eV  ---> 25.6 PeV
### Run 0 starts on worker thread 230.
G4WT184 >      Cr_sctns:  Glauber-Gribov Nucl-nucl: 0 eV  ---> 25.6 PeV
### Run 0 starts on worker thread 184.
G4WT416 >      Cr_sctns:  Glauber-Gribov Nucl-nucl: 0 eV  ---> 25.6 PeV
### Run 0 starts on worker thread 416.
G4WT294 >      Cr_sctns:  Glauber-Gribov Nucl-nucl: 0 eV  ---> 25.6 PeV
### Run 0 starts on worker thread 294.
G4WT5 >      Cr_sctns:  Glauber-Gribov Nucl-nucl: 0 eV  ---> 25.6 PeV
### Run 0 starts on worker thread 5.
G4WT112 >      Cr_sctns:  Glauber-Gribov Nucl-nucl: 0 eV  ---> 25.6 PeV
### Run 0 starts on worker thread 112.
G4WT499 >      Cr_sctns:  Glauber-Gribov Nucl-nucl: 0 eV  ---> 25.6 PeV
### Run 0 starts on worker thread 499.
G4WT229 >      Cr_sctns:  Glauber-Gribov Nucl-nucl: 0 eV  ---> 25.6 PeV
### Run 0 starts on worker thread 229.
G4WT194 >      Cr_sctns:  Glauber-Gribov Nucl-nucl: 0 eV  ---> 25.6 PeV
### Run 0 starts on worker thread 194.
G4WT61 >      Cr_sctns:  Glauber-Gribov Nucl-nucl: 0 eV  ---> 25.6 PeV
### Run 0 starts on worker thread 61.
G4WT489 >      Cr_sctns:  Glauber-Gribov Nucl-nucl: 0 eV  ---> 25.6 PeV
### Run 0 starts on worker thread 489.
G4WT462 >      Cr_sctns:  Glauber-Gribov Nucl-nucl: 0 eV  ---> 25.6 PeV
### Run 0 starts on worker thread 462.
G4WT458 >      Cr_sctns:  Glauber-Gribov Nucl-nucl: 0 eV  ---> 25.6 PeV
### Run 0 starts on worker thread 458.
G4WT186 >      Cr_sctns:  Glauber-Gribov Nucl-nucl: 0 eV  ---> 25.6 PeV
### Run 0 starts on worker thread 186.
G4WT188 >      Cr_sctns:  Glauber-Gribov Nucl-nucl: 0 eV  ---> 25.6 PeV
### Run 0 starts on worker thread 188.
G4WT79 >      Cr_sctns:  Glauber-Gribov Nucl-nucl: 0 eV  ---> 25.6 PeV
### Run 0 starts on worker thread 79.
G4WT117 >      Cr_sctns:  Glauber-Gribov Nucl-nucl: 0 eV  ---> 25.6 PeV
### Run 0 starts on worker thread 117.
G4WT136 >      Cr_sctns:  Glauber-Gribov Nucl-nucl: 0 eV  ---> 25.6 PeV
### Run 0 starts on worker thread 136.
G4WT159 >      Cr_sctns:  Glauber-Gribov Nucl-nucl: 0 eV  ---> 25.6 PeV
### Run 0 starts on worker thread 159.
G4WT409 >      Cr_sctns:  Glauber-Gribov Nucl-nucl: 0 eV  ---> 25.6 PeV
### Run 0 starts on worker thread 409.
G4WT209 >      Cr_sctns:  Glauber-Gribov Nucl-nucl: 0 eV  ---> 25.6 PeV
### Run 0 starts on worker thread 209.
G4WT76 >      Cr_sctns:  Glauber-Gribov Nucl-nucl: 0 eV  ---> 25.6 PeV
### Run 0 starts on worker thread 76.
G4WT120 >      Cr_sctns:  Glauber-Gribov Nucl-nucl: 0 eV  ---> 25.6 PeV
### Run 0 starts on worker thread 120.
G4WT418 >      Cr_sctns:  Glauber-Gribov Nucl-nucl: 0 eV  ---> 25.6 PeV
### Run 0 starts on worker thread 418.
G4WT165 >      Cr_sctns:  Glauber-Gribov Nucl-nucl: 0 eV  ---> 25.6 PeV
### Run 0 starts on worker thread 165.
G4WT197 >      Cr_sctns:  Glauber-Gribov Nucl-nucl: 0 eV  ---> 25.6 PeV
### Run 0 starts on worker thread 197.
G4WT286 >      Cr_sctns:  Glauber-Gribov Nucl-nucl: 0 eV  ---> 25.6 PeV
### Run 0 starts on worker thread 286.
G4WT288 >      Cr_sctns:  Glauber-Gribov Nucl-nucl: 0 eV  ---> 25.6 PeV
### Run 0 starts on worker thread 288.
G4WT87 >      Cr_sctns:  Glauber-Gribov Nucl-nucl: 0 eV  ---> 25.6 PeV
### Run 0 starts on worker thread 87.
G4WT364 >      Cr_sctns:  Glauber-Gribov Nucl-nucl: 0 eV  ---> 25.6 PeV
### Run 0 starts on worker thread 364.
G4WT424 >      Cr_sctns:  Glauber-Gribov Nucl-nucl: 0 eV  ---> 25.6 PeV
### Run 0 starts on worker thread 424.
G4WT108 >      Cr_sctns:  Glauber-Gribov Nucl-nucl: 0 eV  ---> 25.6 PeV
### Run 0 starts on worker thread 108.
G4WT411 >      Cr_sctns:  Glauber-Gribov Nucl-nucl: 0 eV  ---> 25.6 PeV
### Run 0 starts on worker thread 411.
G4WT72 >      Cr_sctns:  Glauber-Gribov Nucl-nucl: 0 eV  ---> 25.6 PeV
### Run 0 starts on worker thread 72.
G4WT340 >      Cr_sctns:  Glauber-Gribov Nucl-nucl: 0 eV  ---> 25.6 PeV
### Run 0 starts on worker thread 340.
G4WT160 >      Cr_sctns:  Glauber-Gribov Nucl-nucl: 0 eV  ---> 25.6 PeV
### Run 0 starts on worker thread 160.
G4WT189 >      Cr_sctns:  Glauber-Gribov Nucl-nucl: 0 eV  ---> 25.6 PeV
### Run 0 starts on worker thread 189.
G4WT80 >      Cr_sctns:  Glauber-Gribov Nucl-nucl: 0 eV  ---> 25.6 PeV
### Run 0 starts on worker thread 80.
G4WT246 >      Cr_sctns:  Glauber-Gribov Nucl-nucl: 0 eV  ---> 25.6 PeV
### Run 0 starts on worker thread 246.
G4WT9 >      Cr_sctns:  Glauber-Gribov Nucl-nucl: 0 eV  ---> 25.6 PeV
### Run 0 starts on worker thread 9.
G4WT291 >      Cr_sctns:  Glauber-Gribov Nucl-nucl: 0 eV  ---> 25.6 PeV
### Run 0 starts on worker thread 291.
G4WT104 >      Cr_sctns:  Glauber-Gribov Nucl-nucl: 0 eV  ---> 25.6 PeV
### Run 0 starts on worker thread 104.
G4WT474 >      Cr_sctns:  Glauber-Gribov Nucl-nucl: 0 eV  ---> 25.6 PeV
### Run 0 starts on worker thread 474.
G4WT65 >      Cr_sctns:  Glauber-Gribov Nucl-nucl: 0 eV  ---> 25.6 PeV
### Run 0 starts on worker thread 65.
G4WT461 >      Cr_sctns:  Glauber-Gribov Nucl-nucl: 0 eV  ---> 25.6 PeV
### Run 0 starts on worker thread 461.
G4WT100 >      Cr_sctns:  Glauber-Gribov Nucl-nucl: 0 eV  ---> 25.6 PeV
### Run 0 starts on worker thread 100.
G4WT369 >      Cr_sctns:  Glauber-Gribov Nucl-nucl: 0 eV  ---> 25.6 PeV
### Run 0 starts on worker thread 369.
G4WT245 >      Cr_sctns:  Glauber-Gribov Nucl-nucl: 0 eV  ---> 25.6 PeV
### Run 0 starts on worker thread 245.
G4WT73 >      Cr_sctns:  Glauber-Gribov Nucl-nucl: 0 eV  ---> 25.6 PeV
### Run 0 starts on worker thread 73.
G4WT259 >      Cr_sctns:  Glauber-Gribov Nucl-nucl: 0 eV  ---> 25.6 PeV
### Run 0 starts on worker thread 259.
G4WT53 >      Cr_sctns:  Glauber-Gribov Nucl-nucl: 0 eV  ---> 25.6 PeV
### Run 0 starts on worker thread 53.
G4WT465 >      Cr_sctns:  Glauber-Gribov Nucl-nucl: 0 eV  ---> 25.6 PeV
### Run 0 starts on worker thread 465.
G4WT466 >      Cr_sctns:  Glauber-Gribov Nucl-nucl: 0 eV  ---> 25.6 PeV
### Run 0 starts on worker thread 466.
G4WT507 >      Cr_sctns:  Glauber-Gribov Nucl-nucl: 0 eV  ---> 25.6 PeV
### Run 0 starts on worker thread 507.
G4WT208 >      Cr_sctns:  Glauber-Gribov Nucl-nucl: 0 eV  ---> 25.6 PeV
### Run 0 starts on worker thread 208.
G4WT264 >      Cr_sctns:  Glauber-Gribov Nucl-nucl: 0 eV  ---> 25.6 PeV
### Run 0 starts on worker thread 264.
G4WT196 >      Cr_sctns:  Glauber-Gribov Nucl-nucl: 0 eV  ---> 25.6 PeV
### Run 0 starts on worker thread 196.
G4WT90 >      Cr_sctns:  Glauber-Gribov Nucl-nucl: 0 eV  ---> 25.6 PeV
### Run 0 starts on worker thread 90.
G4WT413 >      Cr_sctns:  Glauber-Gribov Nucl-nucl: 0 eV  ---> 25.6 PeV
### Run 0 starts on worker thread 413.
G4WT406 >      Cr_sctns:  Glauber-Gribov Nucl-nucl: 0 eV  ---> 25.6 PeV
### Run 0 starts on worker thread 406.
G4WT500 >      Cr_sctns:  Glauber-Gribov Nucl-nucl: 0 eV  ---> 25.6 PeV
### Run 0 starts on worker thread 500.
G4WT365 >      Cr_sctns:  Glauber-Gribov Nucl-nucl: 0 eV  ---> 25.6 PeV
### Run 0 starts on worker thread 365.
G4WT56 >      Cr_sctns:  Glauber-Gribov Nucl-nucl: 0 eV  ---> 25.6 PeV
### Run 0 starts on worker thread 56.
G4WT478 >      Cr_sctns:  Glauber-Gribov Nucl-nucl: 0 eV  ---> 25.6 PeV
### Run 0 starts on worker thread 478.
G4WT144 >      Cr_sctns:  Glauber-Gribov Nucl-nucl: 0 eV  ---> 25.6 PeV
### Run 0 starts on worker thread 144.
G4WT333 >      Cr_sctns:  Glauber-Gribov Nucl-nucl: 0 eV  ---> 25.6 PeV
### Run 0 starts on worker thread 333.
G4WT105 >      Cr_sctns:  Glauber-Gribov Nucl-nucl: 0 eV  ---> 25.6 PeV
### Run 0 starts on worker thread 105.
G4WT278 >      Cr_sctns:  Glauber-Gribov Nucl-nucl: 0 eV  ---> 25.6 PeV
### Run 0 starts on worker thread 278.
G4WT260 >      Cr_sctns:  Glauber-Gribov Nucl-nucl: 0 eV  ---> 25.6 PeV
### Run 0 starts on worker thread 260.
G4WT394 >      Cr_sctns:  Glauber-Gribov Nucl-nucl: 0 eV  ---> 25.6 PeV
### Run 0 starts on worker thread 394.
G4WT307 >      Cr_sctns:  Glauber-Gribov Nucl-nucl: 0 eV  ---> 25.6 PeV
### Run 0 starts on worker thread 307.
G4WT397 >      Cr_sctns:  Glauber-Gribov Nucl-nucl: 0 eV  ---> 25.6 PeV
### Run 0 starts on worker thread 397.
G4WT57 >      Cr_sctns:  Glauber-Gribov Nucl-nucl: 0 eV  ---> 25.6 PeV
### Run 0 starts on worker thread 57.
G4WT342 >      Cr_sctns:  Glauber-Gribov Nucl-nucl: 0 eV  ---> 25.6 PeV
### Run 0 starts on worker thread 342.
G4WT315 >      Cr_sctns:  Glauber-Gribov Nucl-nucl: 0 eV  ---> 25.6 PeV
### Run 0 starts on worker thread 315.
G4WT240 >      Cr_sctns:  Glauber-Gribov Nucl-nucl: 0 eV  ---> 25.6 PeV
### Run 0 starts on worker thread 240.
G4WT166 >      Cr_sctns:  Glauber-Gribov Nucl-nucl: 0 eV  ---> 25.6 PeV
### Run 0 starts on worker thread 166.
G4WT17 >      Cr_sctns:  Glauber-Gribov Nucl-nucl: 0 eV  ---> 25.6 PeV
### Run 0 starts on worker thread 17.
G4WT399 >      Cr_sctns:  Glauber-Gribov Nucl-nucl: 0 eV  ---> 25.6 PeV
### Run 0 starts on worker thread 399.
G4WT487 >      Cr_sctns:  Glauber-Gribov Nucl-nucl: 0 eV  ---> 25.6 PeV
### Run 0 starts on worker thread 487.
G4WT93 >      Cr_sctns:  Glauber-Gribov Nucl-nucl: 0 eV  ---> 25.6 PeV
### Run 0 starts on worker thread 93.
G4WT118 >      Cr_sctns:  Glauber-Gribov Nucl-nucl: 0 eV  ---> 25.6 PeV
### Run 0 starts on worker thread 118.
G4WT429 >      Cr_sctns:  Glauber-Gribov Nucl-nucl: 0 eV  ---> 25.6 PeV
### Run 0 starts on worker thread 429.
G4WT22 >      Cr_sctns:  Glauber-Gribov Nucl-nucl: 0 eV  ---> 25.6 PeV
### Run 0 starts on worker thread 22.
G4WT332 >      Cr_sctns:  Glauber-Gribov Nucl-nucl: 0 eV  ---> 25.6 PeV
### Run 0 starts on worker thread 332.
G4WT276 >      Cr_sctns:  Glauber-Gribov Nucl-nucl: 0 eV  ---> 25.6 PeV
### Run 0 starts on worker thread 276.
G4WT191 >      Cr_sctns:  Glauber-Gribov Nucl-nucl: 0 eV  ---> 25.6 PeV
### Run 0 starts on worker thread 191.
G4WT385 > --> Event 626 starts with initial seeds (35869616,21468963).
G4WT461 > --> Event 1878 starts with initial seeds (1353541,50190427).
### Run 1 starts.

-------- WWWW ------- G4Exception-START -------- WWWW -------
*** G4Exception : Run10035
      issued by : G4TaskRunManager::InitializeEventLoop()
Event modulo is reduced to 4 (was 50) to distribute events to all threads.
*** This is just a warning message. ***
-------- WWWW -------- G4Exception-END --------- WWWW -------


-------- WWWW ------- G4Exception-START -------- WWWW -------
*** G4Exception : Run10035
      issued by : G4TaskRunManager::InitializeEventLoop()
Event modulo is reduced to 4 (was 50) to distribute events to all threads.
*** This is just a warning message. ***
-------- WWWW -------- G4Exception-END --------- WWWW -------

G4WT100 > ### Run 1 starts on worker thread 100.
G4WT295 > ### Run 1 starts on worker thread 295.
G4WT100 > --> Event 0 starts with initial seeds (70516847,46822657).
G4WT11 > ### Run 1 starts on worker thread 11.
G4WT56 > ### Run 1 starts on worker thread 56.
G4WT384 > ### Run 1 starts on worker thread 384.
G4WT234 > ### Run 1 starts on worker thread 234.
G4WT55 > ### Run 1 starts on worker thread 55.
G4WT306 > ### Run 1 starts on worker thread 306.
G4WT223 > ### Run 1 starts on worker thread 223.
G4WT196 > ### Run 1 starts on worker thread 196.
G4WT207 > ### Run 1 starts on worker thread 207.
G4WT271 > ### Run 1 starts on worker thread 271.
G4WT139 > ### Run 1 starts on worker thread 139.
G4WT376 > ### Run 1 starts on worker thread 376.
G4WT421 > ### Run 1 starts on worker thread 421.
G4WT191 > ### Run 1 starts on worker thread 191.
G4WT76 > ### Run 1 starts on worker thread 76.
G4WT309 > ### Run 1 starts on worker thread 309.
G4WT290 > ### Run 1 starts on worker thread 290.
G4WT85 > ### Run 1 starts on worker thread 85.
G4WT225 > ### Run 1 starts on worker thread 225.
G4WT163 > ### Run 1 starts on worker thread 163.
G4WT51 > ### Run 1 starts on worker thread 51.
G4WT48 > ### Run 1 starts on worker thread 48.
G4WT457 > ### Run 1 starts on worker thread 457.
G4WT348 > ### Run 1 starts on worker thread 348.
G4WT12 > ### Run 1 starts on worker thread 12.
G4WT194 > ### Run 1 starts on worker thread 194.
G4WT361 > ### Run 1 starts on worker thread 361.
G4WT464 > ### Run 1 starts on worker thread 464.
G4WT238 > ### Run 1 starts on worker thread 238.
G4WT147 > ### Run 1 starts on worker thread 147.
G4WT327 > ### Run 1 starts on worker thread 327.
G4WT226 > ### Run 1 starts on worker thread 226.
G4WT204 > ### Run 1 starts on worker thread 204.
G4WT131 > ### Run 1 starts on worker thread 131.
G4WT344 > ### Run 1 starts on worker thread 344.
G4WT275 > ### Run 1 starts on worker thread 275.
G4WT252 > ### Run 1 starts on worker thread 252.
G4WT166 > ### Run 1 starts on worker thread 166.
G4WT227 > ### Run 1 starts on worker thread 227.
G4WT221 > ### Run 1 starts on worker thread 221.
G4WT243 > ### Run 1 starts on worker thread 243.
G4WT31 > ### Run 1 starts on worker thread 31.
G4WT389 > ### Run 1 starts on worker thread 389.
G4WT38 > ### Run 1 starts on worker thread 38.
G4WT86 > ### Run 1 starts on worker thread 86.
G4WT366 > ### Run 1 starts on worker thread 366.
G4WT310 > ### Run 1 starts on worker thread 310.
G4WT392 > ### Run 1 starts on worker thread 392.
G4WT357 > ### Run 1 starts on worker thread 357.
G4WT65 > ### Run 1 starts on worker thread 65.
G4WT312 > ### Run 1 starts on worker thread 312.
G4WT69 > ### Run 1 starts on worker thread 69.
G4WT415 > ### Run 1 starts on worker thread 415.
G4WT199 > ### Run 1 starts on worker thread 199.
G4WT84 > ### Run 1 starts on worker thread 84.
G4WT174 > ### Run 1 starts on worker thread 174.
G4WT398 > ### Run 1 starts on worker thread 398.
G4WT279 > ### Run 1 starts on worker thread 279.
G4WT281 > ### Run 1 starts on worker thread 281.
G4WT296 > ### Run 1 starts on worker thread 296.
G4WT159 > ### Run 1 starts on worker thread 159.
G4WT463 > ### Run 1 starts on worker thread 463.
G4WT61 > ### Run 1 starts on worker thread 61.
G4WT23 > ### Run 1 starts on worker thread 23.
G4WT472 > ### Run 1 starts on worker thread 472.
G4WT58 > ### Run 1 starts on worker thread 58.
G4WT329 > ### Run 1 starts on worker thread 329.
G4WT363 > ### Run 1 starts on worker thread 363.
G4WT136 > ### Run 1 starts on worker thread 136.
G4WT83 > ### Run 1 starts on worker thread 83.
G4WT193 > ### Run 1 starts on worker thread 193.
G4WT437 > ### Run 1 starts on worker thread 437.
G4WT375 > ### Run 1 starts on worker thread 375.
G4WT233 > ### Run 1 starts on worker thread 233.
G4WT168 > ### Run 1 starts on worker thread 168.
G4WT308 > ### Run 1 starts on worker thread 308.
G4WT268 > ### Run 1 starts on worker thread 268.
G4WT273 > ### Run 1 starts on worker thread 273.
G4WT209 > ### Run 1 starts on worker thread 209.
G4WT135 > ### Run 1 starts on worker thread 135.
G4WT257 > ### Run 1 starts on worker thread 257.
G4WT44 > ### Run 1 starts on worker thread 44.
G4WT461 > ### Run 1 starts on worker thread 461.
G4WT454 > ### Run 1 starts on worker thread 454.
G4WT180 > ### Run 1 starts on worker thread 180.
G4WT436 > ### Run 1 starts on worker thread 436.
G4WT500 > ### Run 1 starts on worker thread 500.
G4WT205 > ### Run 1 starts on worker thread 205.
G4WT351 > ### Run 1 starts on worker thread 351.
G4WT475 > ### Run 1 starts on worker thread 475.
G4WT489 > ### Run 1 starts on worker thread 489.
G4WT480 > ### Run 1 starts on worker thread 480.
G4WT433 > ### Run 1 starts on worker thread 433.
G4WT134 > ### Run 1 starts on worker thread 134.
G4WT169 > ### Run 1 starts on worker thread 169.
G4WT469 > ### Run 1 starts on worker thread 469.
G4WT40 > ### Run 1 starts on worker thread 40.
G4WT107 > ### Run 1 starts on worker thread 107.
G4WT14 > ### Run 1 starts on worker thread 14.
G4WT91 > ### Run 1 starts on worker thread 91.
G4WT30 > ### Run 1 starts on worker thread 30.
G4WT33 > ### Run 1 starts on worker thread 33.
G4WT195 > ### Run 1 starts on worker thread 195.
G4WT347 > ### Run 1 starts on worker thread 347.
G4WT258 > ### Run 1 starts on worker thread 258.
G4WT320 > ### Run 1 starts on worker thread 320.
G4WT341 > ### Run 1 starts on worker thread 341.
G4WT501 > ### Run 1 starts on worker thread 501.
G4WT114 > ### Run 1 starts on worker thread 114.
G4WT487 > ### Run 1 starts on worker thread 487.
G4WT346 > ### Run 1 starts on worker thread 346.
G4WT173 > ### Run 1 starts on worker thread 173.
G4WT456 > ### Run 1 starts on worker thread 456.
G4WT103 > ### Run 1 starts on worker thread 103.
G4WT368 > ### Run 1 starts on worker thread 368.
G4WT149 > ### Run 1 starts on worker thread 149.
G4WT267 > ### Run 1 starts on worker thread 267.
G4WT397 > ### Run 1 starts on worker thread 397.
G4WT57 > ### Run 1 starts on worker thread 57.
G4WT276 > ### Run 1 starts on worker thread 276.
G4WT89 > ### Run 1 starts on worker thread 89.
G4WT333 > ### Run 1 starts on worker thread 333.
G4WT202 > ### Run 1 starts on worker thread 202.
G4WT337 > ### Run 1 starts on worker thread 337.
G4WT374 > ### Run 1 starts on worker thread 374.
G4WT259 > ### Run 1 starts on worker thread 259.
G4WT401 > ### Run 1 starts on worker thread 401.
G4WT422 > ### Run 1 starts on worker thread 422.
G4WT49 > ### Run 1 starts on worker thread 49.
G4WT140 > ### Run 1 starts on worker thread 140.
G4WT402 > ### Run 1 starts on worker thread 402.
G4WT264 > ### Run 1 starts on worker thread 264.
G4WT248 > ### Run 1 starts on worker thread 248.
G4WT15 > ### Run 1 starts on worker thread 15.
G4WT403 > ### Run 1 starts on worker thread 403.
G4WT418 > ### Run 1 starts on worker thread 418.
G4WT429 > ### Run 1 starts on worker thread 429.
G4WT482 > ### Run 1 starts on worker thread 482.
G4WT237 > ### Run 1 starts on worker thread 237.
G4WT24 > ### Run 1 starts on worker thread 24.
G4WT330 > ### Run 1 starts on worker thread 330.
G4WT148 > ### Run 1 starts on worker thread 148.
G4WT29 > ### Run 1 starts on worker thread 29.
G4WT133 > ### Run 1 starts on worker thread 133.
G4WT336 > ### Run 1 starts on worker thread 336.
G4WT505 > ### Run 1 starts on worker thread 505.
G4WT116 > ### Run 1 starts on worker thread 116.
G4WT74 > ### Run 1 starts on worker thread 74.
G4WT46 > ### Run 1 starts on worker thread 46.
G4WT287 > ### Run 1 starts on worker thread 287.
G4WT305 > ### Run 1 starts on worker thread 305.
G4WT81 > ### Run 1 starts on worker thread 81.
G4WT17 > ### Run 1 starts on worker thread 17.
G4WT466 > ### Run 1 starts on worker thread 466.
G4WT216 > ### Run 1 starts on worker thread 216.
G4WT119 > ### Run 1 starts on worker thread 119.
G4WT432 > ### Run 1 starts on worker thread 432.
G4WT406 > ### Run 1 starts on worker thread 406.
G4WT411 > ### Run 1 starts on worker thread 411.
G4WT36 > ### Run 1 starts on worker thread 36.
G4WT315 > ### Run 1 starts on worker thread 315.
G4WT188 > ### Run 1 starts on worker thread 188.
G4WT183 > ### Run 1 starts on worker thread 183.
G4WT420 > ### Run 1 starts on worker thread 420.
G4WT400 > ### Run 1 starts on worker thread 400.
G4WT476 > ### Run 1 starts on worker thread 476.
G4WT331 > ### Run 1 starts on worker thread 331.
G4WT410 > ### Run 1 starts on worker thread 410.
G4WT244 > ### Run 1 starts on worker thread 244.
G4WT113 > ### Run 1 starts on worker thread 113.
G4WT360 > ### Run 1 starts on worker thread 360.
G4WT319 > ### Run 1 starts on worker thread 319.
G4WT313 > ### Run 1 starts on worker thread 313.
G4WT151 > ### Run 1 starts on worker thread 151.
G4WT102 > ### Run 1 starts on worker thread 102.
G4WT34 > ### Run 1 starts on worker thread 34.
G4WT263 > ### Run 1 starts on worker thread 263.
G4WT111 > ### Run 1 starts on worker thread 111.
G4WT342 > ### Run 1 starts on worker thread 342.
G4WT458 > ### Run 1 starts on worker thread 458.
G4WT311 > ### Run 1 starts on worker thread 311.
G4WT253 > ### Run 1 starts on worker thread 253.
G4WT0 > ### Run 1 starts on worker thread 0.
G4WT127 > ### Run 1 starts on worker thread 127.
G4WT16 > ### Run 1 starts on worker thread 16.
G4WT439 > ### Run 1 starts on worker thread 439.
G4WT502 > ### Run 1 starts on worker thread 502.
G4WT445 > ### Run 1 starts on worker thread 445.
G4WT326 > ### Run 1 starts on worker thread 326.
G4WT21 > ### Run 1 starts on worker thread 21.
G4WT386 > ### Run 1 starts on worker thread 386.
G4WT185 > ### Run 1 starts on worker thread 185.
G4WT219 > ### Run 1 starts on worker thread 219.
G4WT45 > ### Run 1 starts on worker thread 45.
G4WT104 > ### Run 1 starts on worker thread 104.
G4WT239 > ### Run 1 starts on worker thread 239.
G4WT280 > ### Run 1 starts on worker thread 280.
G4WT440 > ### Run 1 starts on worker thread 440.
G4WT462 > ### Run 1 starts on worker thread 462.
G4WT161 > ### Run 1 starts on worker thread 161.
G4WT356 > ### Run 1 starts on worker thread 356.
G4WT381 > ### Run 1 starts on worker thread 381.
G4WT187 > ### Run 1 starts on worker thread 187.
G4WT232 > ### Run 1 starts on worker thread 232.
G4WT294 > ### Run 1 starts on worker thread 294.
G4WT155 > ### Run 1 starts on worker thread 155.
G4WT355 > ### Run 1 starts on worker thread 355.
G4WT478 > ### Run 1 starts on worker thread 478.
G4WT170 > ### Run 1 starts on worker thread 170.
G4WT510 > ### Run 1 starts on worker thread 510.
G4WT94 > ### Run 1 starts on worker thread 94.
G4WT218 > ### Run 1 starts on worker thread 218.
G4WT479 > ### Run 1 starts on worker thread 479.
G4WT73 > ### Run 1 starts on worker thread 73.
G4WT201 > ### Run 1 starts on worker thread 201.
G4WT106 > ### Run 1 starts on worker thread 106.
G4WT325 > ### Run 1 starts on worker thread 325.
G4WT118 > ### Run 1 starts on worker thread 118.
G4WT304 > ### Run 1 starts on worker thread 304.
G4WT2 > ### Run 1 starts on worker thread 2.
G4WT228 > ### Run 1 starts on worker thread 228.
G4WT128 > ### Run 1 starts on worker thread 128.
G4WT504 > ### Run 1 starts on worker thread 504.
G4WT117 > ### Run 1 starts on worker thread 117.
G4WT498 > ### Run 1 starts on worker thread 498.
G4WT387 > ### Run 1 starts on worker thread 387.
G4WT269 > ### Run 1 starts on worker thread 269.
G4WT95 > ### Run 1 starts on worker thread 95.
G4WT260 > ### Run 1 starts on worker thread 260.
G4WT132 > ### Run 1 starts on worker thread 132.
G4WT138 > ### Run 1 starts on worker thread 138.
G4WT90 > ### Run 1 starts on worker thread 90.
G4WT212 > ### Run 1 starts on worker thread 212.
G4WT388 > ### Run 1 starts on worker thread 388.
G4WT488 > ### Run 1 starts on worker thread 488.
G4WT77 > ### Run 1 starts on worker thread 77.
G4WT483 > ### Run 1 starts on worker thread 483.
G4WT176 > ### Run 1 starts on worker thread 176.
G4WT9 > ### Run 1 starts on worker thread 9.
G4WT63 > ### Run 1 starts on worker thread 63.
G4WT423 > ### Run 1 starts on worker thread 423.
G4WT506 > ### Run 1 starts on worker thread 506.
G4WT115 > ### Run 1 starts on worker thread 115.
G4WT372 > ### Run 1 starts on worker thread 372.
G4WT509 > ### Run 1 starts on worker thread 509.
G4WT130 > ### Run 1 starts on worker thread 130.
G4WT245 > ### Run 1 starts on worker thread 245.
G4WT450 > ### Run 1 starts on worker thread 450.
G4WT282 > ### Run 1 starts on worker thread 282.
G4WT129 > ### Run 1 starts on worker thread 129.
G4WT120 > ### Run 1 starts on worker thread 120.
G4WT307 > ### Run 1 starts on worker thread 307.
G4WT224 > ### Run 1 starts on worker thread 224.
G4WT431 > ### Run 1 starts on worker thread 431.
G4WT162 > ### Run 1 starts on worker thread 162.
G4WT270 > ### Run 1 starts on worker thread 270.
G4WT213 > ### Run 1 starts on worker thread 213.
G4WT352 > ### Run 1 starts on worker thread 352.
G4WT10 > ### Run 1 starts on worker thread 10.
G4WT443 > ### Run 1 starts on worker thread 443.
G4WT377 > ### Run 1 starts on worker thread 377.
G4WT87 > ### Run 1 starts on worker thread 87.
G4WT316 > ### Run 1 starts on worker thread 316.
G4WT442 > ### Run 1 starts on worker thread 442.
G4WT154 > ### Run 1 starts on worker thread 154.
G4WT190 > ### Run 1 starts on worker thread 190.
G4WT144 > ### Run 1 starts on worker thread 144.
G4WT235 > ### Run 1 starts on worker thread 235.
G4WT50 > ### Run 1 starts on worker thread 50.
G4WT43 > ### Run 1 starts on worker thread 43.
G4WT167 > ### Run 1 starts on worker thread 167.
G4WT394 > ### Run 1 starts on worker thread 394.
G4WT444 > ### Run 1 starts on worker thread 444.
G4WT417 > ### Run 1 starts on worker thread 417.
G4WT430 > ### Run 1 starts on worker thread 430.
G4WT182 > ### Run 1 starts on worker thread 182.
G4WT494 > ### Run 1 starts on worker thread 494.
G4WT380 > ### Run 1 starts on worker thread 380.
G4WT349 > ### Run 1 starts on worker thread 349.
G4WT424 > ### Run 1 starts on worker thread 424.
G4WT412 > ### Run 1 starts on worker thread 412.
G4WT491 > ### Run 1 starts on worker thread 491.
G4WT98 > ### Run 1 starts on worker thread 98.
G4WT284 > ### Run 1 starts on worker thread 284.
G4WT371 > ### Run 1 starts on worker thread 371.
G4WT145 > ### Run 1 starts on worker thread 145.
G4WT124 > ### Run 1 starts on worker thread 124.
G4WT497 > ### Run 1 starts on worker thread 497.
G4WT230 > ### Run 1 starts on worker thread 230.
G4WT314 > ### Run 1 starts on worker thread 314.
G4WT143 > ### Run 1 starts on worker thread 143.
G4WT265 > ### Run 1 starts on worker thread 265.
G4WT236 > ### Run 1 starts on worker thread 236.
G4WT383 > ### Run 1 starts on worker thread 383.
G4WT299 > ### Run 1 starts on worker thread 299.
G4WT97 > ### Run 1 starts on worker thread 97.
G4WT434 > ### Run 1 starts on worker thread 434.
G4WT184 > ### Run 1 starts on worker thread 184.
G4WT409 > ### Run 1 starts on worker thread 409.
G4WT96 > ### Run 1 starts on worker thread 96.
G4WT160 > ### Run 1 starts on worker thread 160.
G4WT391 > ### Run 1 starts on worker thread 391.
G4WT67 > ### Run 1 starts on worker thread 67.
G4WT178 > ### Run 1 starts on worker thread 178.
G4WT108 > ### Run 1 starts on worker thread 108.
G4WT373 > ### Run 1 starts on worker thread 373.
G4WT25 > ### Run 1 starts on worker thread 25.
G4WT385 > ### Run 1 starts on worker thread 385.
G4WT112 > ### Run 1 starts on worker thread 112.
G4WT393 > ### Run 1 starts on worker thread 393.
G4WT71 > ### Run 1 starts on worker thread 71.
G4WT123 > ### Run 1 starts on worker thread 123.
G4WT123 > --> Event 1252 starts with initial seeds (73200884,73427573).
G4WT215 > ### Run 1 starts on worker thread 215.
G4WT39 > ### Run 1 starts on worker thread 39.
G4WT181 > ### Run 1 starts on worker thread 181.
G4WT82 > ### Run 1 starts on worker thread 82.
G4WT110 > ### Run 1 starts on worker thread 110.
G4WT441 > ### Run 1 starts on worker thread 441.
G4WT54 > ### Run 1 starts on worker thread 54.
G4WT283 > ### Run 1 starts on worker thread 283.
G4WT247 > ### Run 1 starts on worker thread 247.
G4WT496 > ### Run 1 starts on worker thread 496.
G4WT122 > ### Run 1 starts on worker thread 122.
G4WT3 > ### Run 1 starts on worker thread 3.
G4WT68 > ### Run 1 starts on worker thread 68.
G4WT5 > ### Run 1 starts on worker thread 5.
G4WT27 > ### Run 1 starts on worker thread 27.
G4WT150 > ### Run 1 starts on worker thread 150.
G4WT435 > ### Run 1 starts on worker thread 435.
G4WT321 > ### Run 1 starts on worker thread 321.
G4WT291 > ### Run 1 starts on worker thread 291.
G4WT72 > ### Run 1 starts on worker thread 72.
G4WT503 > ### Run 1 starts on worker thread 503.
G4WT339 > ### Run 1 starts on worker thread 339.
G4WT278 > ### Run 1 starts on worker thread 278.
G4WT60 > ### Run 1 starts on worker thread 60.
G4WT262 > ### Run 1 starts on worker thread 262.
G4WT332 > ### Run 1 starts on worker thread 332.
G4WT165 > ### Run 1 starts on worker thread 165.
G4WT468 > ### Run 1 starts on worker thread 468.
G4WT455 > ### Run 1 starts on worker thread 455.
G4WT303 > ### Run 1 starts on worker thread 303.
G4WT242 > ### Run 1 starts on worker thread 242.
G4WT364 > ### Run 1 starts on worker thread 364.
G4WT297 > ### Run 1 starts on worker thread 297.
G4WT300 > ### Run 1 starts on worker thread 300.
G4WT419 > ### Run 1 starts on worker thread 419.
G4WT379 > ### Run 1 starts on worker thread 379.
G4WT382 > ### Run 1 starts on worker thread 382.
G4WT198 > ### Run 1 starts on worker thread 198.
G4WT485 > ### Run 1 starts on worker thread 485.
G4WT285 > ### Run 1 starts on worker thread 285.
G4WT28 > ### Run 1 starts on worker thread 28.
G4WT470 > ### Run 1 starts on worker thread 470.
G4WT177 > ### Run 1 starts on worker thread 177.
G4WT508 > ### Run 1 starts on worker thread 508.
G4WT474 > ### Run 1 starts on worker thread 474.
G4WT229 > ### Run 1 starts on worker thread 229.
G4WT266 > ### Run 1 starts on worker thread 266.
G4WT261 > ### Run 1 starts on worker thread 261.
G4WT42 > ### Run 1 starts on worker thread 42.
G4WT272 > ### Run 1 starts on worker thread 272.
G4WT499 > ### Run 1 starts on worker thread 499.
G4WT256 > ### Run 1 starts on worker thread 256.
G4WT359 > ### Run 1 starts on worker thread 359.
G4WT79 > ### Run 1 starts on worker thread 79.
G4WT493 > ### Run 1 starts on worker thread 493.
G4WT453 > ### Run 1 starts on worker thread 453.
G4WT495 > ### Run 1 starts on worker thread 495.
G4WT22 > ### Run 1 starts on worker thread 22.
G4WT126 > ### Run 1 starts on worker thread 126.
G4WT153 > ### Run 1 starts on worker thread 153.
G4WT286 > ### Run 1 starts on worker thread 286.
G4WT343 > ### Run 1 starts on worker thread 343.
G4WT32 > ### Run 1 starts on worker thread 32.
G4WT473 > ### Run 1 starts on worker thread 473.
G4WT52 > ### Run 1 starts on worker thread 52.
G4WT365 > ### Run 1 starts on worker thread 365.
G4WT4 > ### Run 1 starts on worker thread 4.
G4WT396 > ### Run 1 starts on worker thread 396.
G4WT99 > ### Run 1 starts on worker thread 99.
G4WT197 > ### Run 1 starts on worker thread 197.
G4WT292 > ### Run 1 starts on worker thread 292.
G4WT405 > ### Run 1 starts on worker thread 405.
G4WT298 > ### Run 1 starts on worker thread 298.
G4WT20 > ### Run 1 starts on worker thread 20.
G4WT428 > ### Run 1 starts on worker thread 428.
G4WT164 > ### Run 1 starts on worker thread 164.
G4WT301 > ### Run 1 starts on worker thread 301.
G4WT370 > ### Run 1 starts on worker thread 370.
G4WT13 > ### Run 1 starts on worker thread 13.
G4WT93 > ### Run 1 starts on worker thread 93.
G4WT323 > ### Run 1 starts on worker thread 323.
G4WT426 > ### Run 1 starts on worker thread 426.
G4WT390 > ### Run 1 starts on worker thread 390.
G4WT449 > ### Run 1 starts on worker thread 449.
G4WT334 > ### Run 1 starts on worker thread 334.
G4WT345 > ### Run 1 starts on worker thread 345.
G4WT507 > ### Run 1 starts on worker thread 507.
G4WT317 > ### Run 1 starts on worker thread 317.
G4WT101 > ### Run 1 starts on worker thread 101.
G4WT446 > ### Run 1 starts on worker thread 446.
G4WT222 > ### Run 1 starts on worker thread 222.
G4WT220 > ### Run 1 starts on worker thread 220.
G4WT395 > ### Run 1 starts on worker thread 395.
G4WT399 > ### Run 1 starts on worker thread 399.
G4WT416 > ### Run 1 starts on worker thread 416.
G4WT18 > ### Run 1 starts on worker thread 18.
G4WT427 > ### Run 1 starts on worker thread 427.
G4WT414 > ### Run 1 starts on worker thread 414.
G4WT369 > ### Run 1 starts on worker thread 369.
G4WT70 > ### Run 1 starts on worker thread 70.
G4WT217 > ### Run 1 starts on worker thread 217.
G4WT249 > ### Run 1 starts on worker thread 249.
G4WT274 > ### Run 1 starts on worker thread 274.
G4WT152 > ### Run 1 starts on worker thread 152.
G4WT146 > ### Run 1 starts on worker thread 146.
G4WT350 > ### Run 1 starts on worker thread 350.
G4WT92 > ### Run 1 starts on worker thread 92.
G4WT246 > ### Run 1 starts on worker thread 246.
G4WT109 > ### Run 1 starts on worker thread 109.
G4WT328 > ### Run 1 starts on worker thread 328.
G4WT293 > ### Run 1 starts on worker thread 293.
G4WT37 > ### Run 1 starts on worker thread 37.
G4WT354 > ### Run 1 starts on worker thread 354.
G4WT211 > ### Run 1 starts on worker thread 211.
G4WT484 > ### Run 1 starts on worker thread 484.
G4WT451 > ### Run 1 starts on worker thread 451.
G4WT358 > ### Run 1 starts on worker thread 358.
G4WT362 > ### Run 1 starts on worker thread 362.
G4WT1 > ### Run 1 starts on worker thread 1.
G4WT255 > ### Run 1 starts on worker thread 255.
G4WT459 > ### Run 1 starts on worker thread 459.
G4WT448 > ### Run 1 starts on worker thread 448.
G4WT121 > ### Run 1 starts on worker thread 121.
G4WT88 > ### Run 1 starts on worker thread 88.
G4WT471 > ### Run 1 starts on worker thread 471.
G4WT338 > ### Run 1 starts on worker thread 338.
G4WT486 > ### Run 1 starts on worker thread 486.
G4WT408 > ### Run 1 starts on worker thread 408.
G4WT465 > ### Run 1 starts on worker thread 465.
G4WT254 > ### Run 1 starts on worker thread 254.
G4WT340 > ### Run 1 starts on worker thread 340.
G4WT425 > ### Run 1 starts on worker thread 425.
G4WT206 > ### Run 1 starts on worker thread 206.
G4WT35 > ### Run 1 starts on worker thread 35.
G4WT378 > ### Run 1 starts on worker thread 378.
G4WT80 > ### Run 1 starts on worker thread 80.
G4WT490 > ### Run 1 starts on worker thread 490.
G4WT8 > ### Run 1 starts on worker thread 8.
G4WT59 > ### Run 1 starts on worker thread 59.
G4WT142 > ### Run 1 starts on worker thread 142.
G4WT460 > ### Run 1 starts on worker thread 460.
G4WT322 > ### Run 1 starts on worker thread 322.
G4WT41 > ### Run 1 starts on worker thread 41.
G4WT66 > ### Run 1 starts on worker thread 66.
G4WT289 > ### Run 1 starts on worker thread 289.
G4WT179 > ### Run 1 starts on worker thread 179.
G4WT447 > ### Run 1 starts on worker thread 447.
G4WT481 > ### Run 1 starts on worker thread 481.
G4WT353 > ### Run 1 starts on worker thread 353.
G4WT62 > ### Run 1 starts on worker thread 62.
G4WT47 > ### Run 1 starts on worker thread 47.
G4WT288 > ### Run 1 starts on worker thread 288.
G4WT302 > ### Run 1 starts on worker thread 302.
G4WT318 > ### Run 1 starts on worker thread 318.
G4WT404 > ### Run 1 starts on worker thread 404.
G4WT210 > ### Run 1 starts on worker thread 210.
G4WT477 > ### Run 1 starts on worker thread 477.
G4WT78 > ### Run 1 starts on worker thread 78.
G4WT7 > ### Run 1 starts on worker thread 7.
G4WT324 > ### Run 1 starts on worker thread 324.
G4WT53 > ### Run 1 starts on worker thread 53.
G4WT189 > ### Run 1 starts on worker thread 189.
G4WT492 > ### Run 1 starts on worker thread 492.
G4WT241 > ### Run 1 starts on worker thread 241.
G4WT335 > ### Run 1 starts on worker thread 335.
G4WT208 > ### Run 1 starts on worker thread 208.
G4WT175 > ### Run 1 starts on worker thread 175.
G4WT26 > ### Run 1 starts on worker thread 26.
G4WT6 > ### Run 1 starts on worker thread 6.
G4WT192 > ### Run 1 starts on worker thread 192.
G4WT105 > ### Run 1 starts on worker thread 105.
G4WT137 > ### Run 1 starts on worker thread 137.
G4WT64 > ### Run 1 starts on worker thread 64.
G4WT467 > ### Run 1 starts on worker thread 467.
G4WT19 > ### Run 1 starts on worker thread 19.
G4WT367 > ### Run 1 starts on worker thread 367.
G4WT75 > ### Run 1 starts on worker thread 75.
G4WT250 > ### Run 1 starts on worker thread 250.
G4WT438 > ### Run 1 starts on worker thread 438.
G4WT452 > ### Run 1 starts on worker thread 452.
G4WT200 > ### Run 1 starts on worker thread 200.
G4WT141 > ### Run 1 starts on worker thread 141.
G4WT407 > ### Run 1 starts on worker thread 407.
G4WT171 > ### Run 1 starts on worker thread 171.
G4WT156 > ### Run 1 starts on worker thread 156.
G4WT511 > ### Run 1 starts on worker thread 511.
G4WT240 > ### Run 1 starts on worker thread 240.
G4WT277 > ### Run 1 starts on worker thread 277.
G4WT214 > ### Run 1 starts on worker thread 214.
G4WT231 > ### Run 1 starts on worker thread 231.
G4WT203 > ### Run 1 starts on worker thread 203.
G4WT186 > ### Run 1 starts on worker thread 186.
G4WT251 > ### Run 1 starts on worker thread 251.
G4WT125 > ### Run 1 starts on worker thread 125.
G4WT172 > ### Run 1 starts on worker thread 172.
G4WT413 > ### Run 1 starts on worker thread 413.
G4WT157 > ### Run 1 starts on worker thread 157.
G4WT158 > ### Run 1 starts on worker thread 158.
G4WT210 > --> Event 1878 starts with initial seeds (35142244,93642181).
G4WT216 > --> Event 626 starts with initial seeds (95257282,22850611).
### Run 2 starts.

-------- WWWW ------- G4Exception-START -------- WWWW -------
*** G4Exception : Run10035
      issued by : G4TaskRunManager::InitializeEventLoop()
Event modulo is reduced to 4 (was 50) to distribute events to all threads.
*** This is just a warning message. ***
-------- WWWW -------- G4Exception-END --------- WWWW -------


-------- WWWW ------- G4Exception-START -------- WWWW -------
*** G4Exception : Run10035
      issued by : G4TaskRunManager::InitializeEventLoop()
Event modulo is reduced to 4 (was 50) to distribute events to all threads.
*** This is just a warning message. ***
-------- WWWW -------- G4Exception-END --------- WWWW -------

G4WT399 > ### Run 2 starts on worker thread 399.
G4WT399 > --> Event 0 starts with initial seeds (35611100,34541002).
G4WT264 > ### Run 2 starts on worker thread 264.
G4WT70 > ### Run 2 starts on worker thread 70.
G4WT4 > ### Run 2 starts on worker thread 4.
G4WT284 > ### Run 2 starts on worker thread 284.
G4WT27 > ### Run 2 starts on worker thread 27.
G4WT326 > ### Run 2 starts on worker thread 326.
G4WT474 > ### Run 2 starts on worker thread 474.
G4WT318 > ### Run 2 starts on worker thread 318.
G4WT357 > ### Run 2 starts on worker thread 357.
G4WT385 > ### Run 2 starts on worker thread 385.
G4WT178 > ### Run 2 starts on worker thread 178.
G4WT438 > ### Run 2 starts on worker thread 438.
G4WT96 > ### Run 2 starts on worker thread 96.
G4WT50 > ### Run 2 starts on worker thread 50.
G4WT471 > ### Run 2 starts on worker thread 471.
G4WT434 > ### Run 2 starts on worker thread 434.
G4WT84 > ### Run 2 starts on worker thread 84.
G4WT334 > ### Run 2 starts on worker thread 334.
G4WT9 > ### Run 2 starts on worker thread 9.
G4WT121 > ### Run 2 starts on worker thread 121.
G4WT283 > ### Run 2 starts on worker thread 283.
G4WT403 > ### Run 2 starts on worker thread 403.
G4WT222 > ### Run 2 starts on worker thread 222.
G4WT127 > ### Run 2 starts on worker thread 127.
G4WT64 > ### Run 2 starts on worker thread 64.
G4WT42 > ### Run 2 starts on worker thread 42.
G4WT356 > ### Run 2 starts on worker thread 356.
G4WT102 > ### Run 2 starts on worker thread 102.
G4WT99 > ### Run 2 starts on worker thread 99.
G4WT505 > ### Run 2 starts on worker thread 505.
G4WT482 > ### Run 2 starts on worker thread 482.
G4WT221 > ### Run 2 starts on worker thread 221.
G4WT240 > ### Run 2 starts on worker thread 240.
G4WT459 > ### Run 2 starts on worker thread 459.
G4WT154 > ### Run 2 starts on worker thread 154.
G4WT488 > ### Run 2 starts on worker thread 488.
G4WT305 > ### Run 2 starts on worker thread 305.
G4WT52 > ### Run 2 starts on worker thread 52.
G4WT295 > ### Run 2 starts on worker thread 295.
G4WT386 > ### Run 2 starts on worker thread 386.
G4WT463 > ### Run 2 starts on worker thread 463.
G4WT244 > ### Run 2 starts on worker thread 244.
G4WT286 > ### Run 2 starts on worker thread 286.
G4WT384 > ### Run 2 starts on worker thread 384.
G4WT489 > ### Run 2 starts on worker thread 489.
G4WT226 > ### Run 2 starts on worker thread 226.
G4WT335 > ### Run 2 starts on worker thread 335.
G4WT492 > ### Run 2 starts on worker thread 492.
G4WT37 > ### Run 2 starts on worker thread 37.
G4WT172 > ### Run 2 starts on worker thread 172.
G4WT338 > ### Run 2 starts on worker thread 338.
G4WT360 > ### Run 2 starts on worker thread 360.
G4WT497 > ### Run 2 starts on worker thread 497.
G4WT248 > ### Run 2 starts on worker thread 248.
G4WT320 > ### Run 2 starts on worker thread 320.
G4WT277 > ### Run 2 starts on worker thread 277.
G4WT161 > ### Run 2 starts on worker thread 161.
G4WT176 > ### Run 2 starts on worker thread 176.
G4WT475 > ### Run 2 starts on worker thread 475.
G4WT372 > ### Run 2 starts on worker thread 372.
G4WT72 > ### Run 2 starts on worker thread 72.
G4WT239 > ### Run 2 starts on worker thread 239.
G4WT464 > ### Run 2 starts on worker thread 464.
G4WT322 > ### Run 2 starts on worker thread 322.
G4WT354 > ### Run 2 starts on worker thread 354.
G4WT259 > ### Run 2 starts on worker thread 259.
G4WT92 > ### Run 2 starts on worker thread 92.
G4WT208 > ### Run 2 starts on worker thread 208.
G4WT41 > ### Run 2 starts on worker thread 41.
G4WT18 > ### Run 2 starts on worker thread 18.
G4WT254 > ### Run 2 starts on worker thread 254.
G4WT148 > ### Run 2 starts on worker thread 148.
G4WT34 > ### Run 2 starts on worker thread 34.
G4WT460 > ### Run 2 starts on worker thread 460.
G4WT269 > ### Run 2 starts on worker thread 269.
G4WT337 > ### Run 2 starts on worker thread 337.
G4WT77 > ### Run 2 starts on worker thread 77.
G4WT23 > ### Run 2 starts on worker thread 23.
G4WT278 > ### Run 2 starts on worker thread 278.
G4WT498 > ### Run 2 starts on worker thread 498.
G4WT167 > ### Run 2 starts on worker thread 167.
G4WT63 > ### Run 2 starts on worker thread 63.
G4WT340 > ### Run 2 starts on worker thread 340.
G4WT266 > ### Run 2 starts on worker thread 266.
G4WT256 > ### Run 2 starts on worker thread 256.
G4WT223 > ### Run 2 starts on worker thread 223.
G4WT211 > ### Run 2 starts on worker thread 211.
G4WT90 > ### Run 2 starts on worker thread 90.
G4WT164 > ### Run 2 starts on worker thread 164.
G4WT191 > ### Run 2 starts on worker thread 191.
G4WT204 > ### Run 2 starts on worker thread 204.
G4WT440 > ### Run 2 starts on worker thread 440.
G4WT377 > ### Run 2 starts on worker thread 377.
G4WT128 > ### Run 2 starts on worker thread 128.
G4WT473 > ### Run 2 starts on worker thread 473.
G4WT268 > ### Run 2 starts on worker thread 268.
G4WT312 > ### Run 2 starts on worker thread 312.
G4WT382 > ### Run 2 starts on worker thread 382.
G4WT117 > ### Run 2 starts on worker thread 117.
G4WT373 > ### Run 2 starts on worker thread 373.
G4WT218 > ### Run 2 starts on worker thread 218.
G4WT417 > ### Run 2 starts on worker thread 417.
G4WT506 > ### Run 2 starts on worker thread 506.
G4WT36 > ### Run 2 starts on worker thread 36.
G4WT227 > ### Run 2 starts on worker thread 227.
G4WT189 > ### Run 2 starts on worker thread 189.
G4WT17 > ### Run 2 starts on worker thread 17.
G4WT130 > ### Run 2 starts on worker thread 130.
G4WT116 > ### Run 2 starts on worker thread 116.
G4WT472 > ### Run 2 starts on worker thread 472.
G4WT479 > ### Run 2 starts on worker thread 479.
G4WT366 > ### Run 2 starts on worker thread 366.
G4WT481 > ### Run 2 starts on worker thread 481.
G4WT315 > ### Run 2 starts on worker thread 315.
G4WT328 > ### Run 2 starts on worker thread 328.
G4WT414 > ### Run 2 starts on worker thread 414.
G4WT451 > ### Run 2 starts on worker thread 451.
G4WT135 > ### Run 2 starts on worker thread 135.
G4WT105 > ### Run 2 starts on worker thread 105.
G4WT486 > ### Run 2 starts on worker thread 486.
G4WT65 > ### Run 2 starts on worker thread 65.
G4WT103 > ### Run 2 starts on worker thread 103.
G4WT345 > ### Run 2 starts on worker thread 345.
G4WT321 > ### Run 2 starts on worker thread 321.
G4WT122 > ### Run 2 starts on worker thread 122.
G4WT32 > ### Run 2 starts on worker thread 32.
G4WT457 > ### Run 2 starts on worker thread 457.
G4WT398 > ### Run 2 starts on worker thread 398.
G4WT230 > ### Run 2 starts on worker thread 230.
G4WT182 > ### Run 2 starts on worker thread 182.
G4WT369 > ### Run 2 starts on worker thread 369.
G4WT93 > ### Run 2 starts on worker thread 93.
G4WT503 > ### Run 2 starts on worker thread 503.
G4WT83 > ### Run 2 starts on worker thread 83.
G4WT339 > ### Run 2 starts on worker thread 339.
G4WT180 > ### Run 2 starts on worker thread 180.
G4WT296 > ### Run 2 starts on worker thread 296.
G4WT74 > ### Run 2 starts on worker thread 74.
G4WT58 > ### Run 2 starts on worker thread 58.
G4WT54 > ### Run 2 starts on worker thread 54.
G4WT225 > ### Run 2 starts on worker thread 225.
G4WT363 > ### Run 2 starts on worker thread 363.
G4WT30 > ### Run 2 starts on worker thread 30.
G4WT107 > ### Run 2 starts on worker thread 107.
G4WT426 > ### Run 2 starts on worker thread 426.
G4WT123 > ### Run 2 starts on worker thread 123.
G4WT508 > ### Run 2 starts on worker thread 508.
G4WT478 > ### Run 2 starts on worker thread 478.
G4WT162 > ### Run 2 starts on worker thread 162.
G4WT358 > ### Run 2 starts on worker thread 358.
G4WT465 > ### Run 2 starts on worker thread 465.
G4WT196 > ### Run 2 starts on worker thread 196.
G4WT97 > ### Run 2 starts on worker thread 97.
G4WT217 > ### Run 2 starts on worker thread 217.
G4WT126 > ### Run 2 starts on worker thread 126.
G4WT462 > ### Run 2 starts on worker thread 462.
G4WT401 > ### Run 2 starts on worker thread 401.
G4WT454 > ### Run 2 starts on worker thread 454.
G4WT187 > ### Run 2 starts on worker thread 187.
G4WT415 > ### Run 2 starts on worker thread 415.
G4WT174 > ### Run 2 starts on worker thread 174.
G4WT214 > ### Run 2 starts on worker thread 214.
G4WT245 > ### Run 2 starts on worker thread 245.
G4WT88 > ### Run 2 starts on worker thread 88.
G4WT184 > ### Run 2 starts on worker thread 184.
G4WT76 > ### Run 2 starts on worker thread 76.
G4WT186 > ### Run 2 starts on worker thread 186.
G4WT313 > ### Run 2 starts on worker thread 313.
G4WT66 > ### Run 2 starts on worker thread 66.
G4WT493 > ### Run 2 starts on worker thread 493.
G4WT324 > ### Run 2 starts on worker thread 324.
G4WT408 > ### Run 2 starts on worker thread 408.
G4WT194 > ### Run 2 starts on worker thread 194.
G4WT3 > ### Run 2 starts on worker thread 3.
G4WT140 > ### Run 2 starts on worker thread 140.
G4WT157 > ### Run 2 starts on worker thread 157.
G4WT61 > ### Run 2 starts on worker thread 61.
G4WT303 > ### Run 2 starts on worker thread 303.
G4WT190 > ### Run 2 starts on worker thread 190.
G4WT411 > ### Run 2 starts on worker thread 411.
G4WT201 > ### Run 2 starts on worker thread 201.
G4WT143 > ### Run 2 starts on worker thread 143.
G4WT10 > ### Run 2 starts on worker thread 10.
G4WT501 > ### Run 2 starts on worker thread 501.
G4WT153 > ### Run 2 starts on worker thread 153.
G4WT145 > ### Run 2 starts on worker thread 145.
G4WT257 > ### Run 2 starts on worker thread 257.
G4WT412 > ### Run 2 starts on worker thread 412.
G4WT329 > ### Run 2 starts on worker thread 329.
G4WT274 > ### Run 2 starts on worker thread 274.
G4WT192 > ### Run 2 starts on worker thread 192.
G4WT430 > ### Run 2 starts on worker thread 430.
G4WT439 > ### Run 2 starts on worker thread 439.
G4WT427 > ### Run 2 starts on worker thread 427.
G4WT288 > ### Run 2 starts on worker thread 288.
G4WT298 > ### Run 2 starts on worker thread 298.
G4WT98 > ### Run 2 starts on worker thread 98.
G4WT287 > ### Run 2 starts on worker thread 287.
G4WT200 > ### Run 2 starts on worker thread 200.
G4WT150 > ### Run 2 starts on worker thread 150.
G4WT446 > ### Run 2 starts on worker thread 446.
G4WT442 > ### Run 2 starts on worker thread 442.
G4WT279 > ### Run 2 starts on worker thread 279.
G4WT24 > ### Run 2 starts on worker thread 24.
G4WT173 > ### Run 2 starts on worker thread 173.
G4WT353 > ### Run 2 starts on worker thread 353.
G4WT425 > ### Run 2 starts on worker thread 425.
G4WT495 > ### Run 2 starts on worker thread 495.
G4WT343 > ### Run 2 starts on worker thread 343.
G4WT416 > ### Run 2 starts on worker thread 416.
G4WT418 > ### Run 2 starts on worker thread 418.
G4WT219 > ### Run 2 starts on worker thread 219.
G4WT75 > ### Run 2 starts on worker thread 75.
G4WT435 > ### Run 2 starts on worker thread 435.
G4WT124 > ### Run 2 starts on worker thread 124.
G4WT388 > ### Run 2 starts on worker thread 388.
G4WT409 > ### Run 2 starts on worker thread 409.
G4WT215 > ### Run 2 starts on worker thread 215.
G4WT94 > ### Run 2 starts on worker thread 94.
G4WT292 > ### Run 2 starts on worker thread 292.
G4WT422 > ### Run 2 starts on worker thread 422.
G4WT170 > ### Run 2 starts on worker thread 170.
G4WT376 > ### Run 2 starts on worker thread 376.
G4WT16 > ### Run 2 starts on worker thread 16.
G4WT299 > ### Run 2 starts on worker thread 299.
G4WT237 > ### Run 2 starts on worker thread 237.
G4WT202 > ### Run 2 starts on worker thread 202.
G4WT15 > ### Run 2 starts on worker thread 15.
G4WT404 > ### Run 2 starts on worker thread 404.
G4WT142 > ### Run 2 starts on worker thread 142.
G4WT500 > ### Run 2 starts on worker thread 500.
G4WT152 > ### Run 2 starts on worker thread 152.
G4WT423 > ### Run 2 starts on worker thread 423.
G4WT46 > ### Run 2 starts on worker thread 46.
G4WT447 > ### Run 2 starts on worker thread 447.
G4WT397 > ### Run 2 starts on worker thread 397.
G4WT168 > ### Run 2 starts on worker thread 168.
G4WT436 > ### Run 2 starts on worker thread 436.
G4WT378 > ### Run 2 starts on worker thread 378.
G4WT149 > ### Run 2 starts on worker thread 149.
G4WT114 > ### Run 2 starts on worker thread 114.
G4WT119 > ### Run 2 starts on worker thread 119.
G4WT511 > ### Run 2 starts on worker thread 511.
G4WT120 > ### Run 2 starts on worker thread 120.
G4WT271 > ### Run 2 starts on worker thread 271.
G4WT302 > ### Run 2 starts on worker thread 302.
G4WT195 > ### Run 2 starts on worker thread 195.
G4WT341 > ### Run 2 starts on worker thread 341.
G4WT319 > ### Run 2 starts on worker thread 319.
G4WT455 > ### Run 2 starts on worker thread 455.
G4WT147 > ### Run 2 starts on worker thread 147.
G4WT502 > ### Run 2 starts on worker thread 502.
G4WT80 > ### Run 2 starts on worker thread 80.
G4WT220 > ### Run 2 starts on worker thread 220.
G4WT485 > ### Run 2 starts on worker thread 485.
G4WT323 > ### Run 2 starts on worker thread 323.
G4WT175 > ### Run 2 starts on worker thread 175.
G4WT375 > ### Run 2 starts on worker thread 375.
G4WT40 > ### Run 2 starts on worker thread 40.
G4WT484 > ### Run 2 starts on worker thread 484.
G4WT336 > ### Run 2 starts on worker thread 336.
G4WT100 > ### Run 2 starts on worker thread 100.
G4WT448 > ### Run 2 starts on worker thread 448.
G4WT231 > ### Run 2 starts on worker thread 231.
G4WT82 > ### Run 2 starts on worker thread 82.
G4WT420 > ### Run 2 starts on worker thread 420.
G4WT101 > ### Run 2 starts on worker thread 101.
G4WT247 > ### Run 2 starts on worker thread 247.
G4WT14 > ### Run 2 starts on worker thread 14.
G4WT31 > ### Run 2 starts on worker thread 31.
G4WT405 > ### Run 2 starts on worker thread 405.
G4WT53 > ### Run 2 starts on worker thread 53.
G4WT207 > ### Run 2 starts on worker thread 207.
G4WT185 > ### Run 2 starts on worker thread 185.
G4WT197 > ### Run 2 starts on worker thread 197.
G4WT267 > ### Run 2 starts on worker thread 267.
G4WT25 > ### Run 2 starts on worker thread 25.
G4WT309 > ### Run 2 starts on worker thread 309.
G4WT177 > ### Run 2 starts on worker thread 177.
G4WT188 > ### Run 2 starts on worker thread 188.
G4WT293 > ### Run 2 starts on worker thread 293.
G4WT300 > ### Run 2 starts on worker thread 300.
G4WT81 > ### Run 2 starts on worker thread 81.
G4WT491 > ### Run 2 starts on worker thread 491.
G4WT141 > ### Run 2 starts on worker thread 141.
G4WT198 > ### Run 2 starts on worker thread 198.
G4WT212 > ### Run 2 starts on worker thread 212.
G4WT104 > ### Run 2 starts on worker thread 104.
G4WT110 > ### Run 2 starts on worker thread 110.
G4WT160 > ### Run 2 starts on worker thread 160.
G4WT355 > ### Run 2 starts on worker thread 355.
G4WT494 > ### Run 2 starts on worker thread 494.
G4WT483 > ### Run 2 starts on worker thread 483.
G4WT396 > ### Run 2 starts on worker thread 396.
G4WT265 > ### Run 2 starts on worker thread 265.
G4WT368 > ### Run 2 starts on worker thread 368.
G4WT407 > ### Run 2 starts on worker thread 407.
G4WT261 > ### Run 2 starts on worker thread 261.
G4WT155 > ### Run 2 starts on worker thread 155.
G4WT6 > ### Run 2 starts on worker thread 6.
G4WT316 > ### Run 2 starts on worker thread 316.
G4WT134 > ### Run 2 starts on worker thread 134.
G4WT273 > ### Run 2 starts on worker thread 273.
G4WT131 > ### Run 2 starts on worker thread 131.
G4WT146 > ### Run 2 starts on worker thread 146.
G4WT330 > ### Run 2 starts on worker thread 330.
G4WT151 > ### Run 2 starts on worker thread 151.
G4WT158 > ### Run 2 starts on worker thread 158.
G4WT35 > ### Run 2 starts on worker thread 35.
G4WT365 > ### Run 2 starts on worker thread 365.
G4WT89 > ### Run 2 starts on worker thread 89.
G4WT258 > ### Run 2 starts on worker thread 258.
G4WT347 > ### Run 2 starts on worker thread 347.
G4WT308 > ### Run 2 starts on worker thread 308.
G4WT308 > --> Event 1252 starts with initial seeds (34474794,44916586).
G4WT406 > ### Run 2 starts on worker thread 406.
G4WT304 > ### Run 2 starts on worker thread 304.
G4WT59 > ### Run 2 starts on worker thread 59.
G4WT379 > ### Run 2 starts on worker thread 379.
G4WT461 > ### Run 2 starts on worker thread 461.
G4WT234 > ### Run 2 starts on worker thread 234.
G4WT205 > ### Run 2 starts on worker thread 205.
G4WT429 > ### Run 2 starts on worker thread 429.
G4WT163 > ### Run 2 starts on worker thread 163.
G4WT49 > ### Run 2 starts on worker thread 49.
G4WT449 > ### Run 2 starts on worker thread 449.
G4WT45 > ### Run 2 starts on worker thread 45.
G4WT137 > ### Run 2 starts on worker thread 137.
G4WT57 > ### Run 2 starts on worker thread 57.
G4WT458 > ### Run 2 starts on worker thread 458.
G4WT289 > ### Run 2 starts on worker thread 289.
G4WT79 > ### Run 2 starts on worker thread 79.
G4WT421 > ### Run 2 starts on worker thread 421.
G4WT413 > ### Run 2 starts on worker thread 413.
G4WT327 > ### Run 2 starts on worker thread 327.
G4WT33 > ### Run 2 starts on worker thread 33.
G4WT29 > ### Run 2 starts on worker thread 29.
G4WT431 > ### Run 2 starts on worker thread 431.
G4WT13 > ### Run 2 starts on worker thread 13.
G4WT456 > ### Run 2 starts on worker thread 456.
G4WT166 > ### Run 2 starts on worker thread 166.
G4WT26 > ### Run 2 starts on worker thread 26.
G4WT22 > ### Run 2 starts on worker thread 22.
G4WT48 > ### Run 2 starts on worker thread 48.
G4WT115 > ### Run 2 starts on worker thread 115.
G4WT21 > ### Run 2 starts on worker thread 21.
G4WT290 > ### Run 2 starts on worker thread 290.
G4WT169 > ### Run 2 starts on worker thread 169.
G4WT350 > ### Run 2 starts on worker thread 350.
G4WT392 > ### Run 2 starts on worker thread 392.
G4WT260 > ### Run 2 starts on worker thread 260.
G4WT282 > ### Run 2 starts on worker thread 282.
G4WT419 > ### Run 2 starts on worker thread 419.
G4WT263 > ### Run 2 starts on worker thread 263.
G4WT487 > ### Run 2 starts on worker thread 487.
G4WT108 > ### Run 2 starts on worker thread 108.
G4WT125 > ### Run 2 starts on worker thread 125.
G4WT51 > ### Run 2 starts on worker thread 51.
G4WT181 > ### Run 2 starts on worker thread 181.
G4WT433 > ### Run 2 starts on worker thread 433.
G4WT395 > ### Run 2 starts on worker thread 395.
G4WT380 > ### Run 2 starts on worker thread 380.
G4WT250 > ### Run 2 starts on worker thread 250.
G4WT348 > ### Run 2 starts on worker thread 348.
G4WT20 > ### Run 2 starts on worker thread 20.
G4WT242 > ### Run 2 starts on worker thread 242.
G4WT78 > ### Run 2 starts on worker thread 78.
G4WT246 > ### Run 2 starts on worker thread 246.
G4WT139 > ### Run 2 starts on worker thread 139.
G4WT367 > ### Run 2 starts on worker thread 367.
G4WT477 > ### Run 2 starts on worker thread 477.
G4WT55 > ### Run 2 starts on worker thread 55.
G4WT374 > ### Run 2 starts on worker thread 374.
G4WT291 > ### Run 2 starts on worker thread 291.
G4WT253 > ### Run 2 starts on worker thread 253.
G4WT179 > ### Run 2 starts on worker thread 179.
G4WT5 > ### Run 2 starts on worker thread 5.
G4WT359 > ### Run 2 starts on worker thread 359.
G4WT342 > ### Run 2 starts on worker thread 342.
G4WT364 > ### Run 2 starts on worker thread 364.
G4WT453 > ### Run 2 starts on worker thread 453.
G4WT159 > ### Run 2 starts on worker thread 159.
G4WT255 > ### Run 2 starts on worker thread 255.
G4WT445 > ### Run 2 starts on worker thread 445.
G4WT19 > ### Run 2 starts on worker thread 19.
G4WT228 > ### Run 2 starts on worker thread 228.
G4WT424 > ### Run 2 starts on worker thread 424.
G4WT243 > ### Run 2 starts on worker thread 243.
G4WT85 > ### Run 2 starts on worker thread 85.
G4WT12 > ### Run 2 starts on worker thread 12.
G4WT371 > ### Run 2 starts on worker thread 371.
G4WT331 > ### Run 2 starts on worker thread 331.
G4WT233 > ### Run 2 starts on worker thread 233.
G4WT235 > ### Run 2 starts on worker thread 235.
G4WT432 > ### Run 2 starts on worker thread 432.
G4WT106 > ### Run 2 starts on worker thread 106.
G4WT381 > ### Run 2 starts on worker thread 381.
G4WT8 > ### Run 2 starts on worker thread 8.
G4WT387 > ### Run 2 starts on worker thread 387.
G4WT210 > ### Run 2 starts on worker thread 210.
G4WT193 > ### Run 2 starts on worker thread 193.
G4WT132 > ### Run 2 starts on worker thread 132.
G4WT410 > ### Run 2 starts on worker thread 410.
G4WT393 > ### Run 2 starts on worker thread 393.
G4WT199 > ### Run 2 starts on worker thread 199.
G4WT297 > ### Run 2 starts on worker thread 297.
G4WT183 > ### Run 2 starts on worker thread 183.
G4WT1 > ### Run 2 starts on worker thread 1.
G4WT470 > ### Run 2 starts on worker thread 470.
G4WT249 > ### Run 2 starts on worker thread 249.
G4WT118 > ### Run 2 starts on worker thread 118.
G4WT67 > ### Run 2 starts on worker thread 67.
G4WT468 > ### Run 2 starts on worker thread 468.
G4WT314 > ### Run 2 starts on worker thread 314.
G4WT39 > ### Run 2 starts on worker thread 39.
G4WT294 > ### Run 2 starts on worker thread 294.
G4WT44 > ### Run 2 starts on worker thread 44.
G4WT281 > ### Run 2 starts on worker thread 281.
G4WT62 > ### Run 2 starts on worker thread 62.
G4WT443 > ### Run 2 starts on worker thread 443.
G4WT87 > ### Run 2 starts on worker thread 87.
G4WT38 > ### Run 2 starts on worker thread 38.
G4WT361 > ### Run 2 starts on worker thread 361.
G4WT144 > ### Run 2 starts on worker thread 144.
G4WT507 > ### Run 2 starts on worker thread 507.
G4WT138 > ### Run 2 starts on worker thread 138.
G4WT362 > ### Run 2 starts on worker thread 362.
G4WT111 > ### Run 2 starts on worker thread 111.
G4WT129 > ### Run 2 starts on worker thread 129.
G4WT280 > ### Run 2 starts on worker thread 280.
G4WT206 > ### Run 2 starts on worker thread 206.
G4WT332 > ### Run 2 starts on worker thread 332.
G4WT270 > ### Run 2 starts on worker thread 270.
G4WT351 > ### Run 2 starts on worker thread 351.
G4WT171 > ### Run 2 starts on worker thread 171.
G4WT28 > ### Run 2 starts on worker thread 28.
G4WT400 > ### Run 2 starts on worker thread 400.
G4WT236 > ### Run 2 starts on worker thread 236.
G4WT238 > ### Run 2 starts on worker thread 238.
G4WT224 > ### Run 2 starts on worker thread 224.
G4WT60 > ### Run 2 starts on worker thread 60.
G4WT275 > ### Run 2 starts on worker thread 275.
G4WT480 > ### Run 2 starts on worker thread 480.
G4WT510 > ### Run 2 starts on worker thread 510.
G4WT333 > ### Run 2 starts on worker thread 333.
G4WT390 > ### Run 2 starts on worker thread 390.
G4WT346 > ### Run 2 starts on worker thread 346.
G4WT307 > ### Run 2 starts on worker thread 307.
G4WT7 > ### Run 2 starts on worker thread 7.
G4WT352 > ### Run 2 starts on worker thread 352.
G4WT394 > ### Run 2 starts on worker thread 394.
G4WT203 > ### Run 2 starts on worker thread 203.
G4WT325 > ### Run 2 starts on worker thread 325.
G4WT504 > ### Run 2 starts on worker thread 504.
G4WT11 > ### Run 2 starts on worker thread 11.
G4WT466 > ### Run 2 starts on worker thread 466.
G4WT113 > ### Run 2 starts on worker thread 113.
G4WT241 > ### Run 2 starts on worker thread 241.
G4WT86 > ### Run 2 starts on worker thread 86.
G4WT310 > ### Run 2 starts on worker thread 310.
G4WT389 > ### Run 2 starts on worker thread 389.
G4WT209 > ### Run 2 starts on worker thread 209.
G4WT437 > ### Run 2 starts on worker thread 437.
G4WT112 > ### Run 2 starts on worker thread 112.
G4WT402 > ### Run 2 starts on worker thread 402.
G4WT452 > ### Run 2 starts on worker thread 452.
G4WT165 > ### Run 2 starts on worker thread 165.
G4WT476 > ### Run 2 starts on worker thread 476.
G4WT95 > ### Run 2 starts on worker thread 95.
G4WT344 > ### Run 2 starts on worker thread 344.
G4WT306 > ### Run 2 starts on worker thread 306.
G4WT69 > ### Run 2 starts on worker thread 69.
G4WT56 > ### Run 2 starts on worker thread 56.
G4WT262 > ### Run 2 starts on worker thread 262.
G4WT272 > ### Run 2 starts on worker thread 272.
G4WT301 > ### Run 2 starts on worker thread 301.
G4WT499 > ### Run 2 starts on worker thread 499.
G4WT496 > ### Run 2 starts on worker thread 496.
G4WT136 > ### Run 2 starts on worker thread 136.
G4WT467 > ### Run 2 starts on worker thread 467.
G4WT469 > ### Run 2 starts on worker thread 469.
G4WT43 > ### Run 2 starts on worker thread 43.
G4WT91 > ### Run 2 starts on worker thread 91.
G4WT276 > ### Run 2 starts on worker thread 276.
G4WT71 > ### Run 2 starts on worker thread 71.
G4WT2 > ### Run 2 starts on worker thread 2.
G4WT0 > ### Run 2 starts on worker thread 0.
G4WT441 > ### Run 2 starts on worker thread 441.
G4WT317 > ### Run 2 starts on worker thread 317.
G4WT109 > ### Run 2 starts on worker thread 109.
G4WT133 > ### Run 2 starts on worker thread 133.
G4WT251 > ### Run 2 starts on worker thread 251.
G4WT216 > ### Run 2 starts on worker thread 216.
G4WT311 > ### Run 2 starts on worker thread 311.
G4WT47 > ### Run 2 starts on worker thread 47.
G4WT391 > ### Run 2 starts on worker thread 391.
G4WT229 > ### Run 2 starts on worker thread 229.
G4WT156 > ### Run 2 starts on worker thread 156.
G4WT68 > ### Run 2 starts on worker thread 68.
G4WT509 > ### Run 2 starts on worker thread 509.
G4WT444 > ### Run 2 starts on worker thread 444.
G4WT213 > ### Run 2 starts on worker thread 213.
G4WT349 > ### Run 2 starts on worker thread 349.
G4WT370 > ### Run 2 starts on worker thread 370.
G4WT428 > ### Run 2 starts on worker thread 428.
G4WT450 > ### Run 2 starts on worker thread 450.
G4WT73 > ### Run 2 starts on worker thread 73.
G4WT285 > ### Run 2 starts on worker thread 285.
G4WT383 > ### Run 2 starts on worker thread 383.
G4WT252 > ### Run 2 starts on worker thread 252.
G4WT490 > ### Run 2 starts on worker thread 490.
G4WT232 > ### Run 2 starts on worker thread 232.
G4WT174 > --> Event 626 starts with initial seeds (59579105,87470104).
G4WT344 > --> Event 1878 starts with initial seeds (32833374,460911).
### Run 3 starts.

-------- WWWW ------- G4Exception-START -------- WWWW -------
*** G4Exception : Run10035
      issued by : G4TaskRunManager::InitializeEventLoop()
Event modulo is reduced to 4 (was 50) to distribute events to all threads.
*** This is just a warning message. ***
-------- WWWW -------- G4Exception-END --------- WWWW -------


-------- WWWW ------- G4Exception-START -------- WWWW -------
*** G4Exception : Run10035
      issued by : G4TaskRunManager::InitializeEventLoop()
Event modulo is reduced to 4 (was 50) to distribute events to all threads.
*** This is just a warning message. ***
-------- WWWW -------- G4Exception-END --------- WWWW -------

G4WT434 > ### Run 3 starts on worker thread 434.
G4WT434 > --> Event 0 starts with initial seeds (17375493,13587965).
G4WT29 > ### Run 3 starts on worker thread 29.
G4WT205 > ### Run 3 starts on worker thread 205.
G4WT110 > ### Run 3 starts on worker thread 110.
G4WT276 > ### Run 3 starts on worker thread 276.
G4WT59 > ### Run 3 starts on worker thread 59.
G4WT388 > ### Run 3 starts on worker thread 388.
G4WT330 > ### Run 3 starts on worker thread 330.
G4WT474 > ### Run 3 starts on worker thread 474.
G4WT395 > ### Run 3 starts on worker thread 395.
G4WT282 > ### Run 3 starts on worker thread 282.
G4WT473 > ### Run 3 starts on worker thread 473.
G4WT113 > ### Run 3 starts on worker thread 113.
G4WT315 > ### Run 3 starts on worker thread 315.
G4WT280 > ### Run 3 starts on worker thread 280.
G4WT271 > ### Run 3 starts on worker thread 271.
G4WT301 > ### Run 3 starts on worker thread 301.
G4WT462 > ### Run 3 starts on worker thread 462.
G4WT247 > ### Run 3 starts on worker thread 247.
G4WT125 > ### Run 3 starts on worker thread 125.
G4WT56 > ### Run 3 starts on worker thread 56.
G4WT5 > ### Run 3 starts on worker thread 5.
G4WT267 > ### Run 3 starts on worker thread 267.
G4WT74 > ### Run 3 starts on worker thread 74.
G4WT138 > ### Run 3 starts on worker thread 138.
G4WT487 > ### Run 3 starts on worker thread 487.
G4WT64 > ### Run 3 starts on worker thread 64.
G4WT240 > ### Run 3 starts on worker thread 240.
G4WT446 > ### Run 3 starts on worker thread 446.
G4WT504 > ### Run 3 starts on worker thread 504.
G4WT243 > ### Run 3 starts on worker thread 243.
G4WT209 > ### Run 3 starts on worker thread 209.
G4WT121 > ### Run 3 starts on worker thread 121.
G4WT139 > ### Run 3 starts on worker thread 139.
G4WT379 > ### Run 3 starts on worker thread 379.
G4WT95 > ### Run 3 starts on worker thread 95.
G4WT154 > ### Run 3 starts on worker thread 154.
G4WT294 > ### Run 3 starts on worker thread 294.
G4WT36 > ### Run 3 starts on worker thread 36.
G4WT196 > ### Run 3 starts on worker thread 196.
G4WT210 > ### Run 3 starts on worker thread 210.
G4WT164 > ### Run 3 starts on worker thread 164.
G4WT86 > ### Run 3 starts on worker thread 86.
G4WT16 > ### Run 3 starts on worker thread 16.
G4WT96 > ### Run 3 starts on worker thread 96.
G4WT482 > ### Run 3 starts on worker thread 482.
G4WT299 > ### Run 3 starts on worker thread 299.
G4WT62 > ### Run 3 starts on worker thread 62.
G4WT349 > ### Run 3 starts on worker thread 349.
G4WT82 > ### Run 3 starts on worker thread 82.
G4WT65 > ### Run 3 starts on worker thread 65.
G4WT33 > ### Run 3 starts on worker thread 33.
G4WT261 > ### Run 3 starts on worker thread 261.
G4WT479 > ### Run 3 starts on worker thread 479.
G4WT229 > ### Run 3 starts on worker thread 229.
G4WT292 > ### Run 3 starts on worker thread 292.
G4WT80 > ### Run 3 starts on worker thread 80.
G4WT359 > ### Run 3 starts on worker thread 359.
G4WT184 > ### Run 3 starts on worker thread 184.
G4WT238 > ### Run 3 starts on worker thread 238.
G4WT495 > ### Run 3 starts on worker thread 495.
G4WT162 > ### Run 3 starts on worker thread 162.
G4WT370 > ### Run 3 starts on worker thread 370.
G4WT485 > ### Run 3 starts on worker thread 485.
G4WT19 > ### Run 3 starts on worker thread 19.
G4WT469 > ### Run 3 starts on worker thread 469.
G4WT498 > ### Run 3 starts on worker thread 498.
G4WT430 > ### Run 3 starts on worker thread 430.
G4WT167 > ### Run 3 starts on worker thread 167.
G4WT150 > ### Run 3 starts on worker thread 150.
G4WT117 > ### Run 3 starts on worker thread 117.
G4WT195 > ### Run 3 starts on worker thread 195.
G4WT511 > ### Run 3 starts on worker thread 511.
G4WT401 > ### Run 3 starts on worker thread 401.
G4WT339 > ### Run 3 starts on worker thread 339.
G4WT157 > ### Run 3 starts on worker thread 157.
G4WT399 > ### Run 3 starts on worker thread 399.
G4WT112 > ### Run 3 starts on worker thread 112.
G4WT262 > ### Run 3 starts on worker thread 262.
G4WT0 > ### Run 3 starts on worker thread 0.
G4WT461 > ### Run 3 starts on worker thread 461.
G4WT396 > ### Run 3 starts on worker thread 396.
G4WT66 > ### Run 3 starts on worker thread 66.
G4WT69 > ### Run 3 starts on worker thread 69.
G4WT10 > ### Run 3 starts on worker thread 10.
G4WT235 > ### Run 3 starts on worker thread 235.
G4WT122 > ### Run 3 starts on worker thread 122.
G4WT440 > ### Run 3 starts on worker thread 440.
G4WT386 > ### Run 3 starts on worker thread 386.
G4WT198 > ### Run 3 starts on worker thread 198.
G4WT470 > ### Run 3 starts on worker thread 470.
G4WT466 > ### Run 3 starts on worker thread 466.
G4WT303 > ### Run 3 starts on worker thread 303.
G4WT346 > ### Run 3 starts on worker thread 346.
G4WT397 > ### Run 3 starts on worker thread 397.
G4WT118 > ### Run 3 starts on worker thread 118.
G4WT385 > ### Run 3 starts on worker thread 385.
G4WT73 > ### Run 3 starts on worker thread 73.
G4WT190 > ### Run 3 starts on worker thread 190.
G4WT146 > ### Run 3 starts on worker thread 146.
G4WT53 > ### Run 3 starts on worker thread 53.
G4WT333 > ### Run 3 starts on worker thread 333.
G4WT193 > ### Run 3 starts on worker thread 193.
G4WT460 > ### Run 3 starts on worker thread 460.
G4WT142 > ### Run 3 starts on worker thread 142.
G4WT452 > ### Run 3 starts on worker thread 452.
G4WT67 > ### Run 3 starts on worker thread 67.
G4WT107 > ### Run 3 starts on worker thread 107.
G4WT38 > ### Run 3 starts on worker thread 38.
G4WT76 > ### Run 3 starts on worker thread 76.
G4WT377 > ### Run 3 starts on worker thread 377.
G4WT309 > ### Run 3 starts on worker thread 309.
G4WT281 > ### Run 3 starts on worker thread 281.
G4WT322 > ### Run 3 starts on worker thread 322.
G4WT398 > ### Run 3 starts on worker thread 398.
G4WT337 > ### Run 3 starts on worker thread 337.
G4WT353 > ### Run 3 starts on worker thread 353.
G4WT486 > ### Run 3 starts on worker thread 486.
G4WT131 > ### Run 3 starts on worker thread 131.
G4WT135 > ### Run 3 starts on worker thread 135.
G4WT40 > ### Run 3 starts on worker thread 40.
G4WT220 > ### Run 3 starts on worker thread 220.
G4WT72 > ### Run 3 starts on worker thread 72.
G4WT79 > ### Run 3 starts on worker thread 79.
G4WT132 > ### Run 3 starts on worker thread 132.
G4WT367 > ### Run 3 starts on worker thread 367.
G4WT242 > ### Run 3 starts on worker thread 242.
G4WT285 > ### Run 3 starts on worker thread 285.
G4WT81 > ### Run 3 starts on worker thread 81.
G4WT75 > ### Run 3 starts on worker thread 75.
G4WT381 > ### Run 3 starts on worker thread 381.
G4WT360 > ### Run 3 starts on worker thread 360.
G4WT35 > ### Run 3 starts on worker thread 35.
G4WT186 > ### Run 3 starts on worker thread 186.
G4WT454 > ### Run 3 starts on worker thread 454.
G4WT202 > ### Run 3 starts on worker thread 202.
G4WT109 > ### Run 3 starts on worker thread 109.
G4WT219 > ### Run 3 starts on worker thread 219.
G4WT111 > ### Run 3 starts on worker thread 111.
G4WT11 > ### Run 3 starts on worker thread 11.
G4WT507 > ### Run 3 starts on worker thread 507.
G4WT246 > ### Run 3 starts on worker thread 246.
G4WT137 > ### Run 3 starts on worker thread 137.
G4WT136 > ### Run 3 starts on worker thread 136.
G4WT45 > ### Run 3 starts on worker thread 45.
G4WT39 > ### Run 3 starts on worker thread 39.
G4WT211 > ### Run 3 starts on worker thread 211.
G4WT88 > ### Run 3 starts on worker thread 88.
G4WT311 > ### Run 3 starts on worker thread 311.
G4WT351 > ### Run 3 starts on worker thread 351.
G4WT105 > ### Run 3 starts on worker thread 105.
G4WT231 > ### Run 3 starts on worker thread 231.
G4WT418 > ### Run 3 starts on worker thread 418.
G4WT420 > ### Run 3 starts on worker thread 420.
G4WT355 > ### Run 3 starts on worker thread 355.
G4WT48 > ### Run 3 starts on worker thread 48.
G4WT437 > ### Run 3 starts on worker thread 437.
G4WT488 > ### Run 3 starts on worker thread 488.
G4WT369 > ### Run 3 starts on worker thread 369.
G4WT194 > ### Run 3 starts on worker thread 194.
G4WT423 > ### Run 3 starts on worker thread 423.
G4WT256 > ### Run 3 starts on worker thread 256.
G4WT26 > ### Run 3 starts on worker thread 26.
G4WT405 > ### Run 3 starts on worker thread 405.
G4WT329 > ### Run 3 starts on worker thread 329.
G4WT134 > ### Run 3 starts on worker thread 134.
G4WT494 > ### Run 3 starts on worker thread 494.
G4WT492 > ### Run 3 starts on worker thread 492.
G4WT480 > ### Run 3 starts on worker thread 480.
G4WT175 > ### Run 3 starts on worker thread 175.
G4WT57 > ### Run 3 starts on worker thread 57.
G4WT25 > ### Run 3 starts on worker thread 25.
G4WT47 > ### Run 3 starts on worker thread 47.
G4WT455 > ### Run 3 starts on worker thread 455.
G4WT318 > ### Run 3 starts on worker thread 318.
G4WT114 > ### Run 3 starts on worker thread 114.
G4WT268 > ### Run 3 starts on worker thread 268.
G4WT411 > ### Run 3 starts on worker thread 411.
G4WT201 > ### Run 3 starts on worker thread 201.
G4WT306 > ### Run 3 starts on worker thread 306.
G4WT159 > ### Run 3 starts on worker thread 159.
G4WT481 > ### Run 3 starts on worker thread 481.
G4WT115 > ### Run 3 starts on worker thread 115.
G4WT373 > ### Run 3 starts on worker thread 373.
G4WT103 > ### Run 3 starts on worker thread 103.
G4WT279 > ### Run 3 starts on worker thread 279.
G4WT491 > ### Run 3 starts on worker thread 491.
G4WT163 > ### Run 3 starts on worker thread 163.
G4WT415 > ### Run 3 starts on worker thread 415.
G4WT228 > ### Run 3 starts on worker thread 228.
G4WT12 > ### Run 3 starts on worker thread 12.
G4WT233 > ### Run 3 starts on worker thread 233.
G4WT331 > ### Run 3 starts on worker thread 331.
G4WT463 > ### Run 3 starts on worker thread 463.
G4WT141 > ### Run 3 starts on worker thread 141.
G4WT509 > ### Run 3 starts on worker thread 509.
G4WT244 > ### Run 3 starts on worker thread 244.
G4WT4 > ### Run 3 starts on worker thread 4.
G4WT31 > ### Run 3 starts on worker thread 31.
G4WT6 > ### Run 3 starts on worker thread 6.
G4WT3 > ### Run 3 starts on worker thread 3.
G4WT441 > ### Run 3 starts on worker thread 441.
G4WT472 > ### Run 3 starts on worker thread 472.
G4WT203 > ### Run 3 starts on worker thread 203.
G4WT17 > ### Run 3 starts on worker thread 17.
G4WT269 > ### Run 3 starts on worker thread 269.
G4WT425 > ### Run 3 starts on worker thread 425.
G4WT129 > ### Run 3 starts on worker thread 129.
G4WT245 > ### Run 3 starts on worker thread 245.
G4WT152 > ### Run 3 starts on worker thread 152.
G4WT298 > ### Run 3 starts on worker thread 298.
G4WT302 > ### Run 3 starts on worker thread 302.
G4WT84 > ### Run 3 starts on worker thread 84.
G4WT248 > ### Run 3 starts on worker thread 248.
G4WT384 > ### Run 3 starts on worker thread 384.
G4WT106 > ### Run 3 starts on worker thread 106.
G4WT375 > ### Run 3 starts on worker thread 375.
G4WT144 > ### Run 3 starts on worker thread 144.
G4WT236 > ### Run 3 starts on worker thread 236.
G4WT372 > ### Run 3 starts on worker thread 372.
G4WT358 > ### Run 3 starts on worker thread 358.
G4WT458 > ### Run 3 starts on worker thread 458.
G4WT406 > ### Run 3 starts on worker thread 406.
G4WT182 > ### Run 3 starts on worker thread 182.
G4WT447 > ### Run 3 starts on worker thread 447.
G4WT510 > ### Run 3 starts on worker thread 510.
G4WT102 > ### Run 3 starts on worker thread 102.
G4WT255 > ### Run 3 starts on worker thread 255.
G4WT477 > ### Run 3 starts on worker thread 477.
G4WT295 > ### Run 3 starts on worker thread 295.
G4WT371 > ### Run 3 starts on worker thread 371.
G4WT310 > ### Run 3 starts on worker thread 310.
G4WT391 > ### Run 3 starts on worker thread 391.
G4WT52 > ### Run 3 starts on worker thread 52.
G4WT58 > ### Run 3 starts on worker thread 58.
G4WT435 > ### Run 3 starts on worker thread 435.
G4WT453 > ### Run 3 starts on worker thread 453.
G4WT421 > ### Run 3 starts on worker thread 421.
G4WT320 > ### Run 3 starts on worker thread 320.
G4WT44 > ### Run 3 starts on worker thread 44.
G4WT151 > ### Run 3 starts on worker thread 151.
G4WT427 > ### Run 3 starts on worker thread 427.
G4WT249 > ### Run 3 starts on worker thread 249.
G4WT51 > ### Run 3 starts on worker thread 51.
G4WT223 > ### Run 3 starts on worker thread 223.
G4WT264 > ### Run 3 starts on worker thread 264.
G4WT149 > ### Run 3 starts on worker thread 149.
G4WT22 > ### Run 3 starts on worker thread 22.
G4WT34 > ### Run 3 starts on worker thread 34.
G4WT199 > ### Run 3 starts on worker thread 199.
G4WT77 > ### Run 3 starts on worker thread 77.
G4WT325 > ### Run 3 starts on worker thread 325.
G4WT428 > ### Run 3 starts on worker thread 428.
G4WT307 > ### Run 3 starts on worker thread 307.
G4WT444 > ### Run 3 starts on worker thread 444.
G4WT158 > ### Run 3 starts on worker thread 158.
G4WT270 > ### Run 3 starts on worker thread 270.
G4WT319 > ### Run 3 starts on worker thread 319.
G4WT284 > ### Run 3 starts on worker thread 284.
G4WT366 > ### Run 3 starts on worker thread 366.
G4WT217 > ### Run 3 starts on worker thread 217.
G4WT432 > ### Run 3 starts on worker thread 432.
G4WT414 > ### Run 3 starts on worker thread 414.
G4WT445 > ### Run 3 starts on worker thread 445.
G4WT483 > ### Run 3 starts on worker thread 483.
G4WT363 > ### Run 3 starts on worker thread 363.
G4WT251 > ### Run 3 starts on worker thread 251.
G4WT493 > ### Run 3 starts on worker thread 493.
G4WT317 > ### Run 3 starts on worker thread 317.
G4WT393 > ### Run 3 starts on worker thread 393.
G4WT468 > ### Run 3 starts on worker thread 468.
G4WT254 > ### Run 3 starts on worker thread 254.
G4WT232 > ### Run 3 starts on worker thread 232.
G4WT170 > ### Run 3 starts on worker thread 170.
G4WT14 > ### Run 3 starts on worker thread 14.
G4WT178 > ### Run 3 starts on worker thread 178.
G4WT343 > ### Run 3 starts on worker thread 343.
G4WT283 > ### Run 3 starts on worker thread 283.
G4WT225 > ### Run 3 starts on worker thread 225.
G4WT61 > ### Run 3 starts on worker thread 61.
G4WT314 > ### Run 3 starts on worker thread 314.
G4WT92 > ### Run 3 starts on worker thread 92.
G4WT21 > ### Run 3 starts on worker thread 21.
G4WT192 > ### Run 3 starts on worker thread 192.
G4WT478 > ### Run 3 starts on worker thread 478.
G4WT216 > ### Run 3 starts on worker thread 216.
G4WT361 > ### Run 3 starts on worker thread 361.
G4WT305 > ### Run 3 starts on worker thread 305.
G4WT387 > ### Run 3 starts on worker thread 387.
G4WT68 > ### Run 3 starts on worker thread 68.
G4WT253 > ### Run 3 starts on worker thread 253.
G4WT347 > ### Run 3 starts on worker thread 347.
G4WT490 > ### Run 3 starts on worker thread 490.
G4WT108 > ### Run 3 starts on worker thread 108.
G4WT390 > ### Run 3 starts on worker thread 390.
G4WT450 > ### Run 3 starts on worker thread 450.
G4WT27 > ### Run 3 starts on worker thread 27.
G4WT336 > ### Run 3 starts on worker thread 336.
G4WT227 > ### Run 3 starts on worker thread 227.
G4WT424 > ### Run 3 starts on worker thread 424.
G4WT394 > ### Run 3 starts on worker thread 394.
G4WT252 > ### Run 3 starts on worker thread 252.
G4WT207 > ### Run 3 starts on worker thread 207.
G4WT221 > ### Run 3 starts on worker thread 221.
G4WT308 > ### Run 3 starts on worker thread 308.
G4WT380 > ### Run 3 starts on worker thread 380.
G4WT18 > ### Run 3 starts on worker thread 18.
G4WT224 > ### Run 3 starts on worker thread 224.
G4WT85 > ### Run 3 starts on worker thread 85.
G4WT277 > ### Run 3 starts on worker thread 277.
G4WT60 > ### Run 3 starts on worker thread 60.
G4WT489 > ### Run 3 starts on worker thread 489.
G4WT87 > ### Run 3 starts on worker thread 87.
G4WT316 > ### Run 3 starts on worker thread 316.
G4WT316 > --> Event 1252 starts with initial seeds (41672708,82340202).
G4WT46 > ### Run 3 starts on worker thread 46.
G4WT324 > ### Run 3 starts on worker thread 324.
G4WT100 > ### Run 3 starts on worker thread 100.
G4WT422 > ### Run 3 starts on worker thread 422.
G4WT340 > ### Run 3 starts on worker thread 340.
G4WT54 > ### Run 3 starts on worker thread 54.
G4WT20 > ### Run 3 starts on worker thread 20.
G4WT1 > ### Run 3 starts on worker thread 1.
G4WT341 > ### Run 3 starts on worker thread 341.
G4WT436 > ### Run 3 starts on worker thread 436.
G4WT218 > ### Run 3 starts on worker thread 218.
G4WT145 > ### Run 3 starts on worker thread 145.
G4WT500 > ### Run 3 starts on worker thread 500.
G4WT30 > ### Run 3 starts on worker thread 30.
G4WT116 > ### Run 3 starts on worker thread 116.
G4WT124 > ### Run 3 starts on worker thread 124.
G4WT266 > ### Run 3 starts on worker thread 266.
G4WT191 > ### Run 3 starts on worker thread 191.
G4WT83 > ### Run 3 starts on worker thread 83.
G4WT104 > ### Run 3 starts on worker thread 104.
G4WT160 > ### Run 3 starts on worker thread 160.
G4WT148 > ### Run 3 starts on worker thread 148.
G4WT402 > ### Run 3 starts on worker thread 402.
G4WT438 > ### Run 3 starts on worker thread 438.
G4WT214 > ### Run 3 starts on worker thread 214.
G4WT237 > ### Run 3 starts on worker thread 237.
G4WT286 > ### Run 3 starts on worker thread 286.
G4WT323 > ### Run 3 starts on worker thread 323.
G4WT293 > ### Run 3 starts on worker thread 293.
G4WT120 > ### Run 3 starts on worker thread 120.
G4WT429 > ### Run 3 starts on worker thread 429.
G4WT43 > ### Run 3 starts on worker thread 43.
G4WT465 > ### Run 3 starts on worker thread 465.
G4WT130 > ### Run 3 starts on worker thread 130.
G4WT417 > ### Run 3 starts on worker thread 417.
G4WT364 > ### Run 3 starts on worker thread 364.
G4WT180 > ### Run 3 starts on worker thread 180.
G4WT123 > ### Run 3 starts on worker thread 123.
G4WT328 > ### Run 3 starts on worker thread 328.
G4WT335 > ### Run 3 starts on worker thread 335.
G4WT8 > ### Run 3 starts on worker thread 8.
G4WT50 > ### Run 3 starts on worker thread 50.
G4WT345 > ### Run 3 starts on worker thread 345.
G4WT378 > ### Run 3 starts on worker thread 378.
G4WT37 > ### Run 3 starts on worker thread 37.
G4WT499 > ### Run 3 starts on worker thread 499.
G4WT89 > ### Run 3 starts on worker thread 89.
G4WT28 > ### Run 3 starts on worker thread 28.
G4WT334 > ### Run 3 starts on worker thread 334.
G4WT156 > ### Run 3 starts on worker thread 156.
G4WT94 > ### Run 3 starts on worker thread 94.
G4WT382 > ### Run 3 starts on worker thread 382.
G4WT403 > ### Run 3 starts on worker thread 403.
G4WT506 > ### Run 3 starts on worker thread 506.
G4WT383 > ### Run 3 starts on worker thread 383.
G4WT476 > ### Run 3 starts on worker thread 476.
G4WT173 > ### Run 3 starts on worker thread 173.
G4WT188 > ### Run 3 starts on worker thread 188.
G4WT2 > ### Run 3 starts on worker thread 2.
G4WT70 > ### Run 3 starts on worker thread 70.
G4WT9 > ### Run 3 starts on worker thread 9.
G4WT362 > ### Run 3 starts on worker thread 362.
G4WT234 > ### Run 3 starts on worker thread 234.
G4WT296 > ### Run 3 starts on worker thread 296.
G4WT239 > ### Run 3 starts on worker thread 239.
G4WT93 > ### Run 3 starts on worker thread 93.
G4WT208 > ### Run 3 starts on worker thread 208.
G4WT439 > ### Run 3 starts on worker thread 439.
G4WT448 > ### Run 3 starts on worker thread 448.
G4WT169 > ### Run 3 starts on worker thread 169.
G4WT127 > ### Run 3 starts on worker thread 127.
G4WT272 > ### Run 3 starts on worker thread 272.
G4WT502 > ### Run 3 starts on worker thread 502.
G4WT273 > ### Run 3 starts on worker thread 273.
G4WT189 > ### Run 3 starts on worker thread 189.
G4WT260 > ### Run 3 starts on worker thread 260.
G4WT278 > ### Run 3 starts on worker thread 278.
G4WT206 > ### Run 3 starts on worker thread 206.
G4WT140 > ### Run 3 starts on worker thread 140.
G4WT297 > ### Run 3 starts on worker thread 297.
G4WT165 > ### Run 3 starts on worker thread 165.
G4WT368 > ### Run 3 starts on worker thread 368.
G4WT416 > ### Run 3 starts on worker thread 416.
G4WT410 > ### Run 3 starts on worker thread 410.
G4WT350 > ### Run 3 starts on worker thread 350.
G4WT288 > ### Run 3 starts on worker thread 288.
G4WT172 > ### Run 3 starts on worker thread 172.
G4WT143 > ### Run 3 starts on worker thread 143.
G4WT128 > ### Run 3 starts on worker thread 128.
G4WT212 > ### Run 3 starts on worker thread 212.
G4WT326 > ### Run 3 starts on worker thread 326.
G4WT389 > ### Run 3 starts on worker thread 389.
G4WT155 > ### Run 3 starts on worker thread 155.
G4WT442 > ### Run 3 starts on worker thread 442.
G4WT99 > ### Run 3 starts on worker thread 99.
G4WT342 > ### Run 3 starts on worker thread 342.
G4WT338 > ### Run 3 starts on worker thread 338.
G4WT23 > ### Run 3 starts on worker thread 23.
G4WT24 > ### Run 3 starts on worker thread 24.
G4WT456 > ### Run 3 starts on worker thread 456.
G4WT304 > ### Run 3 starts on worker thread 304.
G4WT15 > ### Run 3 starts on worker thread 15.
G4WT464 > ### Run 3 starts on worker thread 464.
G4WT467 > ### Run 3 starts on worker thread 467.
G4WT171 > ### Run 3 starts on worker thread 171.
G4WT354 > ### Run 3 starts on worker thread 354.
G4WT41 > ### Run 3 starts on worker thread 41.
G4WT274 > ### Run 3 starts on worker thread 274.
G4WT312 > ### Run 3 starts on worker thread 312.
G4WT133 > ### Run 3 starts on worker thread 133.
G4WT508 > ### Run 3 starts on worker thread 508.
G4WT496 > ### Run 3 starts on worker thread 496.
G4WT179 > ### Run 3 starts on worker thread 179.
G4WT7 > ### Run 3 starts on worker thread 7.
G4WT365 > ### Run 3 starts on worker thread 365.
G4WT300 > ### Run 3 starts on worker thread 300.
G4WT348 > ### Run 3 starts on worker thread 348.
G4WT101 > ### Run 3 starts on worker thread 101.
G4WT275 > ### Run 3 starts on worker thread 275.
G4WT55 > ### Run 3 starts on worker thread 55.
G4WT119 > ### Run 3 starts on worker thread 119.
G4WT408 > ### Run 3 starts on worker thread 408.
G4WT176 > ### Run 3 starts on worker thread 176.
G4WT404 > ### Run 3 starts on worker thread 404.
G4WT63 > ### Run 3 starts on worker thread 63.
G4WT98 > ### Run 3 starts on worker thread 98.
G4WT181 > ### Run 3 starts on worker thread 181.
G4WT344 > ### Run 3 starts on worker thread 344.
G4WT327 > ### Run 3 starts on worker thread 327.
G4WT213 > ### Run 3 starts on worker thread 213.
G4WT71 > ### Run 3 starts on worker thread 71.
G4WT226 > ### Run 3 starts on worker thread 226.
G4WT185 > ### Run 3 starts on worker thread 185.
G4WT505 > ### Run 3 starts on worker thread 505.
G4WT168 > ### Run 3 starts on worker thread 168.
G4WT407 > ### Run 3 starts on worker thread 407.
G4WT457 > ### Run 3 starts on worker thread 457.
G4WT357 > ### Run 3 starts on worker thread 357.
G4WT215 > ### Run 3 starts on worker thread 215.
G4WT250 > ### Run 3 starts on worker thread 250.
G4WT13 > ### Run 3 starts on worker thread 13.
G4WT177 > ### Run 3 starts on worker thread 177.
G4WT147 > ### Run 3 starts on worker thread 147.
G4WT97 > ### Run 3 starts on worker thread 97.
G4WT459 > ### Run 3 starts on worker thread 459.
G4WT289 > ### Run 3 starts on worker thread 289.
G4WT258 > ### Run 3 starts on worker thread 258.
G4WT126 > ### Run 3 starts on worker thread 126.
G4WT197 > ### Run 3 starts on worker thread 197.
G4WT443 > ### Run 3 starts on worker thread 443.
G4WT356 > ### Run 3 starts on worker thread 356.
G4WT265 > ### Run 3 starts on worker thread 265.
G4WT259 > ### Run 3 starts on worker thread 259.
G4WT497 > ### Run 3 starts on worker thread 497.
G4WT451 > ### Run 3 starts on worker thread 451.
G4WT419 > ### Run 3 starts on worker thread 419.
G4WT90 > ### Run 3 starts on worker thread 90.
G4WT257 > ### Run 3 starts on worker thread 257.
G4WT471 > ### Run 3 starts on worker thread 471.
G4WT413 > ### Run 3 starts on worker thread 413.
G4WT263 > ### Run 3 starts on worker thread 263.
G4WT290 > ### Run 3 starts on worker thread 290.
G4WT374 > ### Run 3 starts on worker thread 374.
G4WT412 > ### Run 3 starts on worker thread 412.
G4WT484 > ### Run 3 starts on worker thread 484.
G4WT166 > ### Run 3 starts on worker thread 166.
G4WT287 > ### Run 3 starts on worker thread 287.
G4WT174 > ### Run 3 starts on worker thread 174.
G4WT501 > ### Run 3 starts on worker thread 501.
G4WT153 > ### Run 3 starts on worker thread 153.
G4WT431 > ### Run 3 starts on worker thread 431.
G4WT241 > ### Run 3 starts on worker thread 241.
G4WT321 > ### Run 3 starts on worker thread 321.
G4WT200 > ### Run 3 starts on worker thread 200.
G4WT204 > ### Run 3 starts on worker thread 204.
G4WT49 > ### Run 3 starts on worker thread 49.
G4WT449 > ### Run 3 starts on worker thread 449.
G4WT392 > ### Run 3 starts on worker thread 392.
G4WT222 > ### Run 3 starts on worker thread 222.
G4WT352 > ### Run 3 starts on worker thread 352.
G4WT291 > ### Run 3 starts on worker thread 291.
G4WT161 > ### Run 3 starts on worker thread 161.
G4WT183 > ### Run 3 starts on worker thread 183.
G4WT426 > ### Run 3 starts on worker thread 426.
G4WT91 > ### Run 3 starts on worker thread 91.
G4WT78 > ### Run 3 starts on worker thread 78.
G4WT332 > ### Run 3 starts on worker thread 332.
G4WT475 > ### Run 3 starts on worker thread 475.
G4WT433 > ### Run 3 starts on worker thread 433.
G4WT42 > ### Run 3 starts on worker thread 42.
G4WT187 > ### Run 3 starts on worker thread 187.
G4WT400 > ### Run 3 starts on worker thread 400.
G4WT313 > ### Run 3 starts on worker thread 313.
G4WT376 > ### Run 3 starts on worker thread 376.
G4WT409 > ### Run 3 starts on worker thread 409.
G4WT503 > ### Run 3 starts on worker thread 503.
G4WT32 > ### Run 3 starts on worker thread 32.
G4WT230 > ### Run 3 starts on worker thread 230.
G4WT419 > --> Event 1878 starts with initial seeds (87872184,87721835).
G4WT437 > --> Event 626 starts with initial seeds (63035818,46771601).
### Run 4 starts.

-------- WWWW ------- G4Exception-START -------- WWWW -------
*** G4Exception : Run10035
      issued by : G4TaskRunManager::InitializeEventLoop()
Event modulo is reduced to 4 (was 50) to distribute events to all threads.
*** This is just a warning message. ***
-------- WWWW -------- G4Exception-END --------- WWWW -------


-------- WWWW ------- G4Exception-START -------- WWWW -------
*** G4Exception : Run10035
      issued by : G4TaskRunManager::InitializeEventLoop()
Event modulo is reduced to 4 (was 50) to distribute events to all threads.
*** This is just a warning message. ***
-------- WWWW -------- G4Exception-END --------- WWWW -------

G4WT361 > ### Run 4 starts on worker thread 361.
G4WT361 > --> Event 0 starts with initial seeds (39486744,25132308).
G4WT501 > ### Run 4 starts on worker thread 501.
G4WT42 > ### Run 4 starts on worker thread 42.
G4WT451 > ### Run 4 starts on worker thread 451.
G4WT259 > ### Run 4 starts on worker thread 259.
G4WT294 > ### Run 4 starts on worker thread 294.
G4WT429 > ### Run 4 starts on worker thread 429.
G4WT213 > ### Run 4 starts on worker thread 213.
G4WT496 > ### Run 4 starts on worker thread 496.
G4WT172 > ### Run 4 starts on worker thread 172.
G4WT121 > ### Run 4 starts on worker thread 121.
G4WT347 > ### Run 4 starts on worker thread 347.
G4WT357 > ### Run 4 starts on worker thread 357.
G4WT64 > ### Run 4 starts on worker thread 64.
G4WT312 > ### Run 4 starts on worker thread 312.
G4WT252 > ### Run 4 starts on worker thread 252.
G4WT149 > ### Run 4 starts on worker thread 149.
G4WT187 > ### Run 4 starts on worker thread 187.
G4WT110 > ### Run 4 starts on worker thread 110.
G4WT494 > ### Run 4 starts on worker thread 494.
G4WT284 > ### Run 4 starts on worker thread 284.
G4WT13 > ### Run 4 starts on worker thread 13.
G4WT4 > ### Run 4 starts on worker thread 4.
G4WT426 > ### Run 4 starts on worker thread 426.
G4WT84 > ### Run 4 starts on worker thread 84.
G4WT175 > ### Run 4 starts on worker thread 175.
G4WT480 > ### Run 4 starts on worker thread 480.
G4WT372 > ### Run 4 starts on worker thread 372.
G4WT45 > ### Run 4 starts on worker thread 45.
G4WT472 > ### Run 4 starts on worker thread 472.
G4WT443 > ### Run 4 starts on worker thread 443.
G4WT53 > ### Run 4 starts on worker thread 53.
G4WT388 > ### Run 4 starts on worker thread 388.
G4WT290 > ### Run 4 starts on worker thread 290.
G4WT358 > ### Run 4 starts on worker thread 358.
G4WT96 > ### Run 4 starts on worker thread 96.
G4WT247 > ### Run 4 starts on worker thread 247.
G4WT407 > ### Run 4 starts on worker thread 407.
G4WT318 > ### Run 4 starts on worker thread 318.
G4WT479 > ### Run 4 starts on worker thread 479.
G4WT395 > ### Run 4 starts on worker thread 395.
G4WT23 > ### Run 4 starts on worker thread 23.
G4WT308 > ### Run 4 starts on worker thread 308.
G4WT145 > ### Run 4 starts on worker thread 145.
G4WT491 > ### Run 4 starts on worker thread 491.
G4WT239 > ### Run 4 starts on worker thread 239.
G4WT477 > ### Run 4 starts on worker thread 477.
G4WT442 > ### Run 4 starts on worker thread 442.
G4WT293 > ### Run 4 starts on worker thread 293.
G4WT46 > ### Run 4 starts on worker thread 46.
G4WT374 > ### Run 4 starts on worker thread 374.
G4WT88 > ### Run 4 starts on worker thread 88.
G4WT192 > ### Run 4 starts on worker thread 192.
G4WT406 > ### Run 4 starts on worker thread 406.
G4WT222 > ### Run 4 starts on worker thread 222.
G4WT14 > ### Run 4 starts on worker thread 14.
G4WT389 > ### Run 4 starts on worker thread 389.
G4WT261 > ### Run 4 starts on worker thread 261.
G4WT51 > ### Run 4 starts on worker thread 51.
G4WT2 > ### Run 4 starts on worker thread 2.
G4WT487 > ### Run 4 starts on worker thread 487.
G4WT158 > ### Run 4 starts on worker thread 158.
G4WT142 > ### Run 4 starts on worker thread 142.
G4WT58 > ### Run 4 starts on worker thread 58.
G4WT181 > ### Run 4 starts on worker thread 181.
G4WT78 > ### Run 4 starts on worker thread 78.
G4WT66 > ### Run 4 starts on worker thread 66.
G4WT462 > ### Run 4 starts on worker thread 462.
G4WT244 > ### Run 4 starts on worker thread 244.
G4WT493 > ### Run 4 starts on worker thread 493.
G4WT415 > ### Run 4 starts on worker thread 415.
G4WT307 > ### Run 4 starts on worker thread 307.
G4WT439 > ### Run 4 starts on worker thread 439.
G4WT146 > ### Run 4 starts on worker thread 146.
G4WT499 > ### Run 4 starts on worker thread 499.
G4WT503 > ### Run 4 starts on worker thread 503.
G4WT408 > ### Run 4 starts on worker thread 408.
G4WT166 > ### Run 4 starts on worker thread 166.
G4WT296 > ### Run 4 starts on worker thread 296.
G4WT86 > ### Run 4 starts on worker thread 86.
G4WT71 > ### Run 4 starts on worker thread 71.
G4WT328 > ### Run 4 starts on worker thread 328.
G4WT299 > ### Run 4 starts on worker thread 299.
G4WT371 > ### Run 4 starts on worker thread 371.
G4WT219 > ### Run 4 starts on worker thread 219.
G4WT225 > ### Run 4 starts on worker thread 225.
G4WT50 > ### Run 4 starts on worker thread 50.
G4WT254 > ### Run 4 starts on worker thread 254.
G4WT321 > ### Run 4 starts on worker thread 321.
G4WT41 > ### Run 4 starts on worker thread 41.
G4WT507 > ### Run 4 starts on worker thread 507.
G4WT325 > ### Run 4 starts on worker thread 325.
G4WT67 > ### Run 4 starts on worker thread 67.
G4WT138 > ### Run 4 starts on worker thread 138.
G4WT310 > ### Run 4 starts on worker thread 310.
G4WT77 > ### Run 4 starts on worker thread 77.
G4WT497 > ### Run 4 starts on worker thread 497.
G4WT72 > ### Run 4 starts on worker thread 72.
G4WT126 > ### Run 4 starts on worker thread 126.
G4WT0 > ### Run 4 starts on worker thread 0.
G4WT255 > ### Run 4 starts on worker thread 255.
G4WT470 > ### Run 4 starts on worker thread 470.
G4WT383 > ### Run 4 starts on worker thread 383.
G4WT396 > ### Run 4 starts on worker thread 396.
G4WT237 > ### Run 4 starts on worker thread 237.
G4WT170 > ### Run 4 starts on worker thread 170.
G4WT286 > ### Run 4 starts on worker thread 286.
G4WT10 > ### Run 4 starts on worker thread 10.
G4WT380 > ### Run 4 starts on worker thread 380.
G4WT295 > ### Run 4 starts on worker thread 295.
G4WT105 > ### Run 4 starts on worker thread 105.
G4WT12 > ### Run 4 starts on worker thread 12.
G4WT403 > ### Run 4 starts on worker thread 403.
G4WT47 > ### Run 4 starts on worker thread 47.
G4WT209 > ### Run 4 starts on worker thread 209.
G4WT274 > ### Run 4 starts on worker thread 274.
G4WT448 > ### Run 4 starts on worker thread 448.
G4WT186 > ### Run 4 starts on worker thread 186.
G4WT20 > ### Run 4 starts on worker thread 20.
G4WT190 > ### Run 4 starts on worker thread 190.
G4WT242 > ### Run 4 starts on worker thread 242.
G4WT211 > ### Run 4 starts on worker thread 211.
G4WT421 > ### Run 4 starts on worker thread 421.
G4WT65 > ### Run 4 starts on worker thread 65.
G4WT28 > ### Run 4 starts on worker thread 28.
G4WT301 > ### Run 4 starts on worker thread 301.
G4WT344 > ### Run 4 starts on worker thread 344.
G4WT156 > ### Run 4 starts on worker thread 156.
G4WT182 > ### Run 4 starts on worker thread 182.
G4WT334 > ### Run 4 starts on worker thread 334.
G4WT124 > ### Run 4 starts on worker thread 124.
G4WT401 > ### Run 4 starts on worker thread 401.
G4WT346 > ### Run 4 starts on worker thread 346.
G4WT34 > ### Run 4 starts on worker thread 34.
G4WT185 > ### Run 4 starts on worker thread 185.
G4WT272 > ### Run 4 starts on worker thread 272.
G4WT129 > ### Run 4 starts on worker thread 129.
G4WT385 > ### Run 4 starts on worker thread 385.
G4WT26 > ### Run 4 starts on worker thread 26.
G4WT393 > ### Run 4 starts on worker thread 393.
G4WT193 > ### Run 4 starts on worker thread 193.
G4WT381 > ### Run 4 starts on worker thread 381.
G4WT292 > ### Run 4 starts on worker thread 292.
G4WT29 > ### Run 4 starts on worker thread 29.
G4WT188 > ### Run 4 starts on worker thread 188.
G4WT178 > ### Run 4 starts on worker thread 178.
G4WT268 > ### Run 4 starts on worker thread 268.
G4WT107 > ### Run 4 starts on worker thread 107.
G4WT93 > ### Run 4 starts on worker thread 93.
G4WT267 > ### Run 4 starts on worker thread 267.
G4WT70 > ### Run 4 starts on worker thread 70.
G4WT55 > ### Run 4 starts on worker thread 55.
G4WT223 > ### Run 4 starts on worker thread 223.
G4WT221 > ### Run 4 starts on worker thread 221.
G4WT140 > ### Run 4 starts on worker thread 140.
G4WT384 > ### Run 4 starts on worker thread 384.
G4WT183 > ### Run 4 starts on worker thread 183.
G4WT260 > ### Run 4 starts on worker thread 260.
G4WT220 > ### Run 4 starts on worker thread 220.
G4WT436 > ### Run 4 starts on worker thread 436.
G4WT337 > ### Run 4 starts on worker thread 337.
G4WT437 > ### Run 4 starts on worker thread 437.
G4WT356 > ### Run 4 starts on worker thread 356.
G4WT202 > ### Run 4 starts on worker thread 202.
G4WT229 > ### Run 4 starts on worker thread 229.
G4WT174 > ### Run 4 starts on worker thread 174.
G4WT40 > ### Run 4 starts on worker thread 40.
G4WT144 > ### Run 4 starts on worker thread 144.
G4WT412 > ### Run 4 starts on worker thread 412.
G4WT338 > ### Run 4 starts on worker thread 338.
G4WT285 > ### Run 4 starts on worker thread 285.
G4WT147 > ### Run 4 starts on worker thread 147.
G4WT164 > ### Run 4 starts on worker thread 164.
G4WT449 > ### Run 4 starts on worker thread 449.
G4WT134 > ### Run 4 starts on worker thread 134.
G4WT60 > ### Run 4 starts on worker thread 60.
G4WT249 > ### Run 4 starts on worker thread 249.
G4WT505 > ### Run 4 starts on worker thread 505.
G4WT266 > ### Run 4 starts on worker thread 266.
G4WT226 > ### Run 4 starts on worker thread 226.
G4WT280 > ### Run 4 starts on worker thread 280.
G4WT288 > ### Run 4 starts on worker thread 288.
G4WT302 > ### Run 4 starts on worker thread 302.
G4WT435 > ### Run 4 starts on worker thread 435.
G4WT205 > ### Run 4 starts on worker thread 205.
G4WT248 > ### Run 4 starts on worker thread 248.
G4WT459 > ### Run 4 starts on worker thread 459.
G4WT476 > ### Run 4 starts on worker thread 476.
G4WT117 > ### Run 4 starts on worker thread 117.
G4WT217 > ### Run 4 starts on worker thread 217.
G4WT218 > ### Run 4 starts on worker thread 218.
G4WT233 > ### Run 4 starts on worker thread 233.
G4WT332 > ### Run 4 starts on worker thread 332.
G4WT343 > ### Run 4 starts on worker thread 343.
G4WT125 > ### Run 4 starts on worker thread 125.
G4WT135 > ### Run 4 starts on worker thread 135.
G4WT397 > ### Run 4 starts on worker thread 397.
G4WT303 > ### Run 4 starts on worker thread 303.
G4WT489 > ### Run 4 starts on worker thread 489.
G4WT300 > ### Run 4 starts on worker thread 300.
G4WT101 > ### Run 4 starts on worker thread 101.
G4WT98 > ### Run 4 starts on worker thread 98.
G4WT306 > ### Run 4 starts on worker thread 306.
G4WT191 > ### Run 4 starts on worker thread 191.
G4WT331 > ### Run 4 starts on worker thread 331.
G4WT322 > ### Run 4 starts on worker thread 322.
G4WT275 > ### Run 4 starts on worker thread 275.
G4WT240 > ### Run 4 starts on worker thread 240.
G4WT206 > ### Run 4 starts on worker thread 206.
G4WT336 > ### Run 4 starts on worker thread 336.
G4WT157 > ### Run 4 starts on worker thread 157.
G4WT315 > ### Run 4 starts on worker thread 315.
G4WT391 > ### Run 4 starts on worker thread 391.
G4WT9 > ### Run 4 starts on worker thread 9.
G4WT319 > ### Run 4 starts on worker thread 319.
G4WT148 > ### Run 4 starts on worker thread 148.
G4WT316 > ### Run 4 starts on worker thread 316.
G4WT469 > ### Run 4 starts on worker thread 469.
G4WT297 > ### Run 4 starts on worker thread 297.
G4WT492 > ### Run 4 starts on worker thread 492.
G4WT498 > ### Run 4 starts on worker thread 498.
G4WT177 > ### Run 4 starts on worker thread 177.
G4WT379 > ### Run 4 starts on worker thread 379.
G4WT136 > ### Run 4 starts on worker thread 136.
G4WT298 > ### Run 4 starts on worker thread 298.
G4WT282 > ### Run 4 starts on worker thread 282.
G4WT32 > ### Run 4 starts on worker thread 32.
G4WT63 > ### Run 4 starts on worker thread 63.
G4WT234 > ### Run 4 starts on worker thread 234.
G4WT342 > ### Run 4 starts on worker thread 342.
G4WT444 > ### Run 4 starts on worker thread 444.
G4WT31 > ### Run 4 starts on worker thread 31.
G4WT61 > ### Run 4 starts on worker thread 61.
G4WT171 > ### Run 4 starts on worker thread 171.
G4WT340 > ### Run 4 starts on worker thread 340.
G4WT424 > ### Run 4 starts on worker thread 424.
G4WT210 > ### Run 4 starts on worker thread 210.
G4WT97 > ### Run 4 starts on worker thread 97.
G4WT6 > ### Run 4 starts on worker thread 6.
G4WT414 > ### Run 4 starts on worker thread 414.
G4WT375 > ### Run 4 starts on worker thread 375.
G4WT231 > ### Run 4 starts on worker thread 231.
G4WT160 > ### Run 4 starts on worker thread 160.
G4WT139 > ### Run 4 starts on worker thread 139.
G4WT207 > ### Run 4 starts on worker thread 207.
G4WT243 > ### Run 4 starts on worker thread 243.
G4WT27 > ### Run 4 starts on worker thread 27.
G4WT3 > ### Run 4 starts on worker thread 3.
G4WT416 > ### Run 4 starts on worker thread 416.
G4WT73 > ### Run 4 starts on worker thread 73.
G4WT323 > ### Run 4 starts on worker thread 323.
G4WT165 > ### Run 4 starts on worker thread 165.
G4WT447 > ### Run 4 starts on worker thread 447.
G4WT304 > ### Run 4 starts on worker thread 304.
G4WT324 > ### Run 4 starts on worker thread 324.
G4WT278 > ### Run 4 starts on worker thread 278.
G4WT508 > ### Run 4 starts on worker thread 508.
G4WT227 > ### Run 4 starts on worker thread 227.
G4WT422 > ### Run 4 starts on worker thread 422.
G4WT327 > ### Run 4 starts on worker thread 327.
G4WT56 > ### Run 4 starts on worker thread 56.
G4WT326 > ### Run 4 starts on worker thread 326.
G4WT269 > ### Run 4 starts on worker thread 269.
G4WT283 > ### Run 4 starts on worker thread 283.
G4WT127 > ### Run 4 starts on worker thread 127.
G4WT196 > ### Run 4 starts on worker thread 196.
G4WT232 > ### Run 4 starts on worker thread 232.
G4WT5 > ### Run 4 starts on worker thread 5.
G4WT264 > ### Run 4 starts on worker thread 264.
G4WT104 > ### Run 4 starts on worker thread 104.
G4WT348 > ### Run 4 starts on worker thread 348.
G4WT89 > ### Run 4 starts on worker thread 89.
G4WT54 > ### Run 4 starts on worker thread 54.
G4WT418 > ### Run 4 starts on worker thread 418.
G4WT30 > ### Run 4 starts on worker thread 30.
G4WT212 > ### Run 4 starts on worker thread 212.
G4WT486 > ### Run 4 starts on worker thread 486.
G4WT195 > ### Run 4 starts on worker thread 195.
G4WT377 > ### Run 4 starts on worker thread 377.
G4WT49 > ### Run 4 starts on worker thread 49.
G4WT482 > ### Run 4 starts on worker thread 482.
G4WT113 > ### Run 4 starts on worker thread 113.
G4WT506 > ### Run 4 starts on worker thread 506.
G4WT509 > ### Run 4 starts on worker thread 509.
G4WT353 > ### Run 4 starts on worker thread 353.
G4WT313 > ### Run 4 starts on worker thread 313.
G4WT262 > ### Run 4 starts on worker thread 262.
G4WT400 > ### Run 4 starts on worker thread 400.
G4WT441 > ### Run 4 starts on worker thread 441.
G4WT130 > ### Run 4 starts on worker thread 130.
G4WT103 > ### Run 4 starts on worker thread 103.
G4WT44 > ### Run 4 starts on worker thread 44.
G4WT431 > ### Run 4 starts on worker thread 431.
G4WT279 > ### Run 4 starts on worker thread 279.
G4WT85 > ### Run 4 starts on worker thread 85.
G4WT320 > ### Run 4 starts on worker thread 320.
G4WT471 > ### Run 4 starts on worker thread 471.
G4WT420 > ### Run 4 starts on worker thread 420.
G4WT176 > ### Run 4 starts on worker thread 176.
G4WT458 > ### Run 4 starts on worker thread 458.
G4WT390 > ### Run 4 starts on worker thread 390.
G4WT504 > ### Run 4 starts on worker thread 504.
G4WT108 > ### Run 4 starts on worker thread 108.
G4WT68 > ### Run 4 starts on worker thread 68.
G4WT376 > ### Run 4 starts on worker thread 376.
G4WT273 > ### Run 4 starts on worker thread 273.
G4WT425 > ### Run 4 starts on worker thread 425.
G4WT106 > ### Run 4 starts on worker thread 106.
G4WT62 > ### Run 4 starts on worker thread 62.
G4WT360 > ### Run 4 starts on worker thread 360.
G4WT173 > ### Run 4 starts on worker thread 173.
G4WT114 > ### Run 4 starts on worker thread 114.
G4WT15 > ### Run 4 starts on worker thread 15.
G4WT277 > ### Run 4 starts on worker thread 277.
G4WT277 > --> Event 1252 starts with initial seeds (48267065,55580600).
G4WT289 > ### Run 4 starts on worker thread 289.
G4WT197 > ### Run 4 starts on worker thread 197.
G4WT432 > ### Run 4 starts on worker thread 432.
G4WT345 > ### Run 4 starts on worker thread 345.
G4WT143 > ### Run 4 starts on worker thread 143.
G4WT162 > ### Run 4 starts on worker thread 162.
G4WT43 > ### Run 4 starts on worker thread 43.
G4WT95 > ### Run 4 starts on worker thread 95.
G4WT466 > ### Run 4 starts on worker thread 466.
G4WT463 > ### Run 4 starts on worker thread 463.
G4WT208 > ### Run 4 starts on worker thread 208.
G4WT246 > ### Run 4 starts on worker thread 246.
G4WT456 > ### Run 4 starts on worker thread 456.
G4WT235 > ### Run 4 starts on worker thread 235.
G4WT38 > ### Run 4 starts on worker thread 38.
G4WT370 > ### Run 4 starts on worker thread 370.
G4WT411 > ### Run 4 starts on worker thread 411.
G4WT81 > ### Run 4 starts on worker thread 81.
G4WT201 > ### Run 4 starts on worker thread 201.
G4WT163 > ### Run 4 starts on worker thread 163.
G4WT481 > ### Run 4 starts on worker thread 481.
G4WT37 > ### Run 4 starts on worker thread 37.
G4WT453 > ### Run 4 starts on worker thread 453.
G4WT257 > ### Run 4 starts on worker thread 257.
G4WT52 > ### Run 4 starts on worker thread 52.
G4WT434 > ### Run 4 starts on worker thread 434.
G4WT423 > ### Run 4 starts on worker thread 423.
G4WT189 > ### Run 4 starts on worker thread 189.
G4WT21 > ### Run 4 starts on worker thread 21.
G4WT153 > ### Run 4 starts on worker thread 153.
G4WT452 > ### Run 4 starts on worker thread 452.
G4WT478 > ### Run 4 starts on worker thread 478.
G4WT467 > ### Run 4 starts on worker thread 467.
G4WT199 > ### Run 4 starts on worker thread 199.
G4WT378 > ### Run 4 starts on worker thread 378.
G4WT33 > ### Run 4 starts on worker thread 33.
G4WT214 > ### Run 4 starts on worker thread 214.
G4WT454 > ### Run 4 starts on worker thread 454.
G4WT1 > ### Run 4 starts on worker thread 1.
G4WT115 > ### Run 4 starts on worker thread 115.
G4WT116 > ### Run 4 starts on worker thread 116.
G4WT335 > ### Run 4 starts on worker thread 335.
G4WT352 > ### Run 4 starts on worker thread 352.
G4WT410 > ### Run 4 starts on worker thread 410.
G4WT473 > ### Run 4 starts on worker thread 473.
G4WT120 > ### Run 4 starts on worker thread 120.
G4WT500 > ### Run 4 starts on worker thread 500.
G4WT256 > ### Run 4 starts on worker thread 256.
G4WT311 > ### Run 4 starts on worker thread 311.
G4WT168 > ### Run 4 starts on worker thread 168.
G4WT204 > ### Run 4 starts on worker thread 204.
G4WT355 > ### Run 4 starts on worker thread 355.
G4WT250 > ### Run 4 starts on worker thread 250.
G4WT169 > ### Run 4 starts on worker thread 169.
G4WT132 > ### Run 4 starts on worker thread 132.
G4WT488 > ### Run 4 starts on worker thread 488.
G4WT366 > ### Run 4 starts on worker thread 366.
G4WT511 > ### Run 4 starts on worker thread 511.
G4WT137 > ### Run 4 starts on worker thread 137.
G4WT128 > ### Run 4 starts on worker thread 128.
G4WT245 > ### Run 4 starts on worker thread 245.
G4WT69 > ### Run 4 starts on worker thread 69.
G4WT392 > ### Run 4 starts on worker thread 392.
G4WT438 > ### Run 4 starts on worker thread 438.
G4WT287 > ### Run 4 starts on worker thread 287.
G4WT404 > ### Run 4 starts on worker thread 404.
G4WT474 > ### Run 4 starts on worker thread 474.
G4WT16 > ### Run 4 starts on worker thread 16.
G4WT271 > ### Run 4 starts on worker thread 271.
G4WT464 > ### Run 4 starts on worker thread 464.
G4WT339 > ### Run 4 starts on worker thread 339.
G4WT122 > ### Run 4 starts on worker thread 122.
G4WT450 > ### Run 4 starts on worker thread 450.
G4WT398 > ### Run 4 starts on worker thread 398.
G4WT76 > ### Run 4 starts on worker thread 76.
G4WT281 > ### Run 4 starts on worker thread 281.
G4WT387 > ### Run 4 starts on worker thread 387.
G4WT224 > ### Run 4 starts on worker thread 224.
G4WT48 > ### Run 4 starts on worker thread 48.
G4WT87 > ### Run 4 starts on worker thread 87.
G4WT367 > ### Run 4 starts on worker thread 367.
G4WT354 > ### Run 4 starts on worker thread 354.
G4WT510 > ### Run 4 starts on worker thread 510.
G4WT445 > ### Run 4 starts on worker thread 445.
G4WT409 > ### Run 4 starts on worker thread 409.
G4WT461 > ### Run 4 starts on worker thread 461.
G4WT118 > ### Run 4 starts on worker thread 118.
G4WT90 > ### Run 4 starts on worker thread 90.
G4WT446 > ### Run 4 starts on worker thread 446.
G4WT159 > ### Run 4 starts on worker thread 159.
G4WT251 > ### Run 4 starts on worker thread 251.
G4WT270 > ### Run 4 starts on worker thread 270.
G4WT154 > ### Run 4 starts on worker thread 154.
G4WT179 > ### Run 4 starts on worker thread 179.
G4WT151 > ### Run 4 starts on worker thread 151.
G4WT198 > ### Run 4 starts on worker thread 198.
G4WT329 > ### Run 4 starts on worker thread 329.
G4WT123 > ### Run 4 starts on worker thread 123.
G4WT460 > ### Run 4 starts on worker thread 460.
G4WT11 > ### Run 4 starts on worker thread 11.
G4WT35 > ### Run 4 starts on worker thread 35.
G4WT152 > ### Run 4 starts on worker thread 152.
G4WT394 > ### Run 4 starts on worker thread 394.
G4WT228 > ### Run 4 starts on worker thread 228.
G4WT133 > ### Run 4 starts on worker thread 133.
G4WT99 > ### Run 4 starts on worker thread 99.
G4WT362 > ### Run 4 starts on worker thread 362.
G4WT309 > ### Run 4 starts on worker thread 309.
G4WT59 > ### Run 4 starts on worker thread 59.
G4WT483 > ### Run 4 starts on worker thread 483.
G4WT363 > ### Run 4 starts on worker thread 363.
G4WT291 > ### Run 4 starts on worker thread 291.
G4WT19 > ### Run 4 starts on worker thread 19.
G4WT440 > ### Run 4 starts on worker thread 440.
G4WT200 > ### Run 4 starts on worker thread 200.
G4WT150 > ### Run 4 starts on worker thread 150.
G4WT350 > ### Run 4 starts on worker thread 350.
G4WT490 > ### Run 4 starts on worker thread 490.
G4WT455 > ### Run 4 starts on worker thread 455.
G4WT74 > ### Run 4 starts on worker thread 74.
G4WT402 > ### Run 4 starts on worker thread 402.
G4WT468 > ### Run 4 starts on worker thread 468.
G4WT382 > ### Run 4 starts on worker thread 382.
G4WT369 > ### Run 4 starts on worker thread 369.
G4WT25 > ### Run 4 starts on worker thread 25.
G4WT39 > ### Run 4 starts on worker thread 39.
G4WT92 > ### Run 4 starts on worker thread 92.
G4WT241 > ### Run 4 starts on worker thread 241.
G4WT8 > ### Run 4 starts on worker thread 8.
G4WT216 > ### Run 4 starts on worker thread 216.
G4WT386 > ### Run 4 starts on worker thread 386.
G4WT258 > ### Run 4 starts on worker thread 258.
G4WT24 > ### Run 4 starts on worker thread 24.
G4WT265 > ### Run 4 starts on worker thread 265.
G4WT341 > ### Run 4 starts on worker thread 341.
G4WT428 > ### Run 4 starts on worker thread 428.
G4WT131 > ### Run 4 starts on worker thread 131.
G4WT351 > ### Run 4 starts on worker thread 351.
G4WT413 > ### Run 4 starts on worker thread 413.
G4WT333 > ### Run 4 starts on worker thread 333.
G4WT80 > ### Run 4 starts on worker thread 80.
G4WT155 > ### Run 4 starts on worker thread 155.
G4WT399 > ### Run 4 starts on worker thread 399.
G4WT427 > ### Run 4 starts on worker thread 427.
G4WT57 > ### Run 4 starts on worker thread 57.
G4WT94 > ### Run 4 starts on worker thread 94.
G4WT238 > ### Run 4 starts on worker thread 238.
G4WT433 > ### Run 4 starts on worker thread 433.
G4WT236 > ### Run 4 starts on worker thread 236.
G4WT502 > ### Run 4 starts on worker thread 502.
G4WT368 > ### Run 4 starts on worker thread 368.
G4WT111 > ### Run 4 starts on worker thread 111.
G4WT263 > ### Run 4 starts on worker thread 263.
G4WT100 > ### Run 4 starts on worker thread 100.
G4WT161 > ### Run 4 starts on worker thread 161.
G4WT36 > ### Run 4 starts on worker thread 36.
G4WT405 > ### Run 4 starts on worker thread 405.
G4WT419 > ### Run 4 starts on worker thread 419.
G4WT364 > ### Run 4 starts on worker thread 364.
G4WT18 > ### Run 4 starts on worker thread 18.
G4WT109 > ### Run 4 starts on worker thread 109.
G4WT484 > ### Run 4 starts on worker thread 484.
G4WT330 > ### Run 4 starts on worker thread 330.
G4WT91 > ### Run 4 starts on worker thread 91.
G4WT253 > ### Run 4 starts on worker thread 253.
G4WT102 > ### Run 4 starts on worker thread 102.
G4WT7 > ### Run 4 starts on worker thread 7.
G4WT230 > ### Run 4 starts on worker thread 230.
G4WT167 > ### Run 4 starts on worker thread 167.
G4WT305 > ### Run 4 starts on worker thread 305.
G4WT349 > ### Run 4 starts on worker thread 349.
G4WT83 > ### Run 4 starts on worker thread 83.
G4WT141 > ### Run 4 starts on worker thread 141.
G4WT17 > ### Run 4 starts on worker thread 17.
G4WT119 > ### Run 4 starts on worker thread 119.
G4WT180 > ### Run 4 starts on worker thread 180.
G4WT365 > ### Run 4 starts on worker thread 365.
G4WT184 > ### Run 4 starts on worker thread 184.
G4WT194 > ### Run 4 starts on worker thread 194.
G4WT75 > ### Run 4 starts on worker thread 75.
G4WT475 > ### Run 4 starts on worker thread 475.
G4WT79 > ### Run 4 starts on worker thread 79.
G4WT359 > ### Run 4 starts on worker thread 359.
G4WT276 > ### Run 4 starts on worker thread 276.
G4WT465 > ### Run 4 starts on worker thread 465.
G4WT22 > ### Run 4 starts on worker thread 22.
G4WT215 > ### Run 4 starts on worker thread 215.
G4WT430 > ### Run 4 starts on worker thread 430.
G4WT112 > ### Run 4 starts on worker thread 112.
G4WT314 > ### Run 4 starts on worker thread 314.
G4WT82 > ### Run 4 starts on worker thread 82.
G4WT417 > ### Run 4 starts on worker thread 417.
G4WT457 > ### Run 4 starts on worker thread 457.
G4WT485 > ### Run 4 starts on worker thread 485.
G4WT373 > ### Run 4 starts on worker thread 373.
G4WT203 > ### Run 4 starts on worker thread 203.
G4WT317 > ### Run 4 starts on worker thread 317.
G4WT495 > ### Run 4 starts on worker thread 495.
G4WT183 > --> Event 626 starts with initial seeds (37431079,7524224).
G4WT36 > --> Event 1878 starts with initial seeds (64764624,73251047).
### Run 5 starts.

-------- WWWW ------- G4Exception-START -------- WWWW -------
*** G4Exception : Run10035
      issued by : G4TaskRunManager::InitializeEventLoop()
Event modulo is reduced to 4 (was 50) to distribute events to all threads.
*** This is just a warning message. ***
-------- WWWW -------- G4Exception-END --------- WWWW -------


-------- WWWW ------- G4Exception-START -------- WWWW -------
*** G4Exception : Run10035
      issued by : G4TaskRunManager::InitializeEventLoop()
Event modulo is reduced to 4 (was 50) to distribute events to all threads.
*** This is just a warning message. ***
-------- WWWW -------- G4Exception-END --------- WWWW -------

G4WT406 > ### Run 5 starts on worker thread 406.
G4WT406 > --> Event 0 starts with initial seeds (10307561,84672454).
G4WT237 > ### Run 5 starts on worker thread 237.
G4WT119 > ### Run 5 starts on worker thread 119.
G4WT174 > ### Run 5 starts on worker thread 174.
G4WT102 > ### Run 5 starts on worker thread 102.
G4WT445 > ### Run 5 starts on worker thread 445.
G4WT472 > ### Run 5 starts on worker thread 472.
G4WT493 > ### Run 5 starts on worker thread 493.
G4WT214 > ### Run 5 starts on worker thread 214.
G4WT459 > ### Run 5 starts on worker thread 459.
G4WT242 > ### Run 5 starts on worker thread 242.
G4WT442 > ### Run 5 starts on worker thread 442.
G4WT488 > ### Run 5 starts on worker thread 488.
G4WT403 > ### Run 5 starts on worker thread 403.
G4WT118 > ### Run 5 starts on worker thread 118.
G4WT432 > ### Run 5 starts on worker thread 432.
G4WT34 > ### Run 5 starts on worker thread 34.
G4WT253 > ### Run 5 starts on worker thread 253.
G4WT202 > ### Run 5 starts on worker thread 202.
G4WT458 > ### Run 5 starts on worker thread 458.
G4WT440 > ### Run 5 starts on worker thread 440.
G4WT70 > ### Run 5 starts on worker thread 70.
G4WT378 > ### Run 5 starts on worker thread 378.
G4WT481 > ### Run 5 starts on worker thread 481.
G4WT159 > ### Run 5 starts on worker thread 159.
G4WT499 > ### Run 5 starts on worker thread 499.
G4WT117 > ### Run 5 starts on worker thread 117.
G4WT185 > ### Run 5 starts on worker thread 185.
G4WT371 > ### Run 5 starts on worker thread 371.
G4WT244 > ### Run 5 starts on worker thread 244.
G4WT379 > ### Run 5 starts on worker thread 379.
G4WT444 > ### Run 5 starts on worker thread 444.
G4WT301 > ### Run 5 starts on worker thread 301.
G4WT434 > ### Run 5 starts on worker thread 434.
G4WT323 > ### Run 5 starts on worker thread 323.
G4WT19 > ### Run 5 starts on worker thread 19.
G4WT401 > ### Run 5 starts on worker thread 401.
G4WT409 > ### Run 5 starts on worker thread 409.
G4WT110 > ### Run 5 starts on worker thread 110.
G4WT443 > ### Run 5 starts on worker thread 443.
G4WT391 > ### Run 5 starts on worker thread 391.
G4WT484 > ### Run 5 starts on worker thread 484.
G4WT124 > ### Run 5 starts on worker thread 124.
G4WT48 > ### Run 5 starts on worker thread 48.
G4WT497 > ### Run 5 starts on worker thread 497.
G4WT511 > ### Run 5 starts on worker thread 511.
G4WT186 > ### Run 5 starts on worker thread 186.
G4WT288 > ### Run 5 starts on worker thread 288.
G4WT4 > ### Run 5 starts on worker thread 4.
G4WT128 > ### Run 5 starts on worker thread 128.
G4WT415 > ### Run 5 starts on worker thread 415.
G4WT298 > ### Run 5 starts on worker thread 298.
G4WT10 > ### Run 5 starts on worker thread 10.
G4WT101 > ### Run 5 starts on worker thread 101.
G4WT150 > ### Run 5 starts on worker thread 150.
G4WT309 > ### Run 5 starts on worker thread 309.
G4WT160 > ### Run 5 starts on worker thread 160.
G4WT25 > ### Run 5 starts on worker thread 25.
G4WT509 > ### Run 5 starts on worker thread 509.
G4WT105 > ### Run 5 starts on worker thread 105.
G4WT260 > ### Run 5 starts on worker thread 260.
G4WT100 > ### Run 5 starts on worker thread 100.
G4WT460 > ### Run 5 starts on worker thread 460.
G4WT164 > ### Run 5 starts on worker thread 164.
G4WT134 > ### Run 5 starts on worker thread 134.
G4WT418 > ### Run 5 starts on worker thread 418.
G4WT38 > ### Run 5 starts on worker thread 38.
G4WT414 > ### Run 5 starts on worker thread 414.
G4WT314 > ### Run 5 starts on worker thread 314.
G4WT449 > ### Run 5 starts on worker thread 449.
G4WT172 > ### Run 5 starts on worker thread 172.
G4WT334 > ### Run 5 starts on worker thread 334.
G4WT173 > ### Run 5 starts on worker thread 173.
G4WT282 > ### Run 5 starts on worker thread 282.
G4WT66 > ### Run 5 starts on worker thread 66.
G4WT21 > ### Run 5 starts on worker thread 21.
G4WT320 > ### Run 5 starts on worker thread 320.
G4WT115 > ### Run 5 starts on worker thread 115.
G4WT369 > ### Run 5 starts on worker thread 369.
G4WT399 > ### Run 5 starts on worker thread 399.
G4WT166 > ### Run 5 starts on worker thread 166.
G4WT227 > ### Run 5 starts on worker thread 227.
G4WT83 > ### Run 5 starts on worker thread 83.
G4WT230 > ### Run 5 starts on worker thread 230.
G4WT398 > ### Run 5 starts on worker thread 398.
G4WT348 > ### Run 5 starts on worker thread 348.
G4WT210 > ### Run 5 starts on worker thread 210.
G4WT208 > ### Run 5 starts on worker thread 208.
G4WT350 > ### Run 5 starts on worker thread 350.
G4WT469 > ### Run 5 starts on worker thread 469.
G4WT161 > ### Run 5 starts on worker thread 161.
G4WT195 > ### Run 5 starts on worker thread 195.
G4WT345 > ### Run 5 starts on worker thread 345.
G4WT269 > ### Run 5 starts on worker thread 269.
G4WT453 > ### Run 5 starts on worker thread 453.
G4WT182 > ### Run 5 starts on worker thread 182.
G4WT120 > ### Run 5 starts on worker thread 120.
G4WT430 > ### Run 5 starts on worker thread 430.
G4WT178 > ### Run 5 starts on worker thread 178.
G4WT62 > ### Run 5 starts on worker thread 62.
G4WT479 > ### Run 5 starts on worker thread 479.
G4WT206 > ### Run 5 starts on worker thread 206.
G4WT268 > ### Run 5 starts on worker thread 268.
G4WT324 > ### Run 5 starts on worker thread 324.
G4WT436 > ### Run 5 starts on worker thread 436.
G4WT450 > ### Run 5 starts on worker thread 450.
G4WT285 > ### Run 5 starts on worker thread 285.
G4WT454 > ### Run 5 starts on worker thread 454.
G4WT451 > ### Run 5 starts on worker thread 451.
G4WT114 > ### Run 5 starts on worker thread 114.
G4WT501 > ### Run 5 starts on worker thread 501.
G4WT356 > ### Run 5 starts on worker thread 356.
G4WT388 > ### Run 5 starts on worker thread 388.
G4WT410 > ### Run 5 starts on worker thread 410.
G4WT360 > ### Run 5 starts on worker thread 360.
G4WT429 > ### Run 5 starts on worker thread 429.
G4WT42 > ### Run 5 starts on worker thread 42.
G4WT84 > ### Run 5 starts on worker thread 84.
G4WT203 > ### Run 5 starts on worker thread 203.
G4WT306 > ### Run 5 starts on worker thread 306.
G4WT224 > ### Run 5 starts on worker thread 224.
G4WT337 > ### Run 5 starts on worker thread 337.
G4WT355 > ### Run 5 starts on worker thread 355.
G4WT232 > ### Run 5 starts on worker thread 232.
G4WT184 > ### Run 5 starts on worker thread 184.
G4WT438 > ### Run 5 starts on worker thread 438.
G4WT238 > ### Run 5 starts on worker thread 238.
G4WT351 > ### Run 5 starts on worker thread 351.
G4WT315 > ### Run 5 starts on worker thread 315.
G4WT29 > ### Run 5 starts on worker thread 29.
G4WT220 > ### Run 5 starts on worker thread 220.
G4WT198 > ### Run 5 starts on worker thread 198.
G4WT28 > ### Run 5 starts on worker thread 28.
G4WT181 > ### Run 5 starts on worker thread 181.
G4WT131 > ### Run 5 starts on worker thread 131.
G4WT31 > ### Run 5 starts on worker thread 31.
G4WT396 > ### Run 5 starts on worker thread 396.
G4WT424 > ### Run 5 starts on worker thread 424.
G4WT96 > ### Run 5 starts on worker thread 96.
G4WT308 > ### Run 5 starts on worker thread 308.
G4WT189 > ### Run 5 starts on worker thread 189.
G4WT387 > ### Run 5 starts on worker thread 387.
G4WT325 > ### Run 5 starts on worker thread 325.
G4WT59 > ### Run 5 starts on worker thread 59.
G4WT158 > ### Run 5 starts on worker thread 158.
G4WT316 > ### Run 5 starts on worker thread 316.
G4WT480 > ### Run 5 starts on worker thread 480.
G4WT219 > ### Run 5 starts on worker thread 219.
G4WT240 > ### Run 5 starts on worker thread 240.
G4WT132 > ### Run 5 starts on worker thread 132.
G4WT55 > ### Run 5 starts on worker thread 55.
G4WT78 > ### Run 5 starts on worker thread 78.
G4WT194 > ### Run 5 starts on worker thread 194.
G4WT456 > ### Run 5 starts on worker thread 456.
G4WT234 > ### Run 5 starts on worker thread 234.
G4WT22 > ### Run 5 starts on worker thread 22.
G4WT341 > ### Run 5 starts on worker thread 341.
G4WT137 > ### Run 5 starts on worker thread 137.
G4WT305 > ### Run 5 starts on worker thread 305.
G4WT215 > ### Run 5 starts on worker thread 215.
G4WT392 > ### Run 5 starts on worker thread 392.
G4WT426 > ### Run 5 starts on worker thread 426.
G4WT56 > ### Run 5 starts on worker thread 56.
G4WT57 > ### Run 5 starts on worker thread 57.
G4WT107 > ### Run 5 starts on worker thread 107.
G4WT126 > ### Run 5 starts on worker thread 126.
G4WT397 > ### Run 5 starts on worker thread 397.
G4WT490 > ### Run 5 starts on worker thread 490.
G4WT89 > ### Run 5 starts on worker thread 89.
G4WT504 > ### Run 5 starts on worker thread 504.
G4WT199 > ### Run 5 starts on worker thread 199.
G4WT492 > ### Run 5 starts on worker thread 492.
G4WT365 > ### Run 5 starts on worker thread 365.
G4WT30 > ### Run 5 starts on worker thread 30.
G4WT508 > ### Run 5 starts on worker thread 508.
G4WT265 > ### Run 5 starts on worker thread 265.
G4WT223 > ### Run 5 starts on worker thread 223.
G4WT127 > ### Run 5 starts on worker thread 127.
G4WT251 > ### Run 5 starts on worker thread 251.
G4WT52 > ### Run 5 starts on worker thread 52.
G4WT205 > ### Run 5 starts on worker thread 205.
G4WT431 > ### Run 5 starts on worker thread 431.
G4WT380 > ### Run 5 starts on worker thread 380.
G4WT58 > ### Run 5 starts on worker thread 58.
G4WT340 > ### Run 5 starts on worker thread 340.
G4WT69 > ### Run 5 starts on worker thread 69.
G4WT294 > ### Run 5 starts on worker thread 294.
G4WT116 > ### Run 5 starts on worker thread 116.
G4WT498 > ### Run 5 starts on worker thread 498.
G4WT296 > ### Run 5 starts on worker thread 296.
G4WT407 > ### Run 5 starts on worker thread 407.
G4WT192 > ### Run 5 starts on worker thread 192.
G4WT228 > ### Run 5 starts on worker thread 228.
G4WT276 > ### Run 5 starts on worker thread 276.
G4WT79 > ### Run 5 starts on worker thread 79.
G4WT97 > ### Run 5 starts on worker thread 97.
G4WT422 > ### Run 5 starts on worker thread 422.
G4WT157 > ### Run 5 starts on worker thread 157.
G4WT441 > ### Run 5 starts on worker thread 441.
G4WT147 > ### Run 5 starts on worker thread 147.
G4WT122 > ### Run 5 starts on worker thread 122.
G4WT156 > ### Run 5 starts on worker thread 156.
G4WT393 > ### Run 5 starts on worker thread 393.
G4WT212 > ### Run 5 starts on worker thread 212.
G4WT359 > ### Run 5 starts on worker thread 359.
G4WT372 > ### Run 5 starts on worker thread 372.
G4WT390 > ### Run 5 starts on worker thread 390.
G4WT368 > ### Run 5 starts on worker thread 368.
G4WT336 > ### Run 5 starts on worker thread 336.
G4WT63 > ### Run 5 starts on worker thread 63.
G4WT428 > ### Run 5 starts on worker thread 428.
G4WT51 > ### Run 5 starts on worker thread 51.
G4WT465 > ### Run 5 starts on worker thread 465.
G4WT326 > ### Run 5 starts on worker thread 326.
G4WT75 > ### Run 5 starts on worker thread 75.
G4WT278 > ### Run 5 starts on worker thread 278.
G4WT435 > ### Run 5 starts on worker thread 435.
G4WT446 > ### Run 5 starts on worker thread 446.
G4WT87 > ### Run 5 starts on worker thread 87.
G4WT332 > ### Run 5 starts on worker thread 332.
G4WT54 > ### Run 5 starts on worker thread 54.
G4WT108 > ### Run 5 starts on worker thread 108.
G4WT404 > ### Run 5 starts on worker thread 404.
G4WT151 > ### Run 5 starts on worker thread 151.
G4WT139 > ### Run 5 starts on worker thread 139.
G4WT482 > ### Run 5 starts on worker thread 482.
G4WT367 > ### Run 5 starts on worker thread 367.
G4WT27 > ### Run 5 starts on worker thread 27.
G4WT500 > ### Run 5 starts on worker thread 500.
G4WT5 > ### Run 5 starts on worker thread 5.
G4WT457 > ### Run 5 starts on worker thread 457.
G4WT271 > ### Run 5 starts on worker thread 271.
G4WT217 > ### Run 5 starts on worker thread 217.
G4WT307 > ### Run 5 starts on worker thread 307.
G4WT76 > ### Run 5 starts on worker thread 76.
G4WT2 > ### Run 5 starts on worker thread 2.
G4WT370 > ### Run 5 starts on worker thread 370.
G4WT67 > ### Run 5 starts on worker thread 67.
G4WT99 > ### Run 5 starts on worker thread 99.
G4WT330 > ### Run 5 starts on worker thread 330.
G4WT61 > ### Run 5 starts on worker thread 61.
G4WT362 > ### Run 5 starts on worker thread 362.
G4WT245 > ### Run 5 starts on worker thread 245.
G4WT152 > ### Run 5 starts on worker thread 152.
G4WT375 > ### Run 5 starts on worker thread 375.
G4WT295 > ### Run 5 starts on worker thread 295.
G4WT129 > ### Run 5 starts on worker thread 129.
G4WT299 > ### Run 5 starts on worker thread 299.
G4WT485 > ### Run 5 starts on worker thread 485.
G4WT106 > ### Run 5 starts on worker thread 106.
G4WT169 > ### Run 5 starts on worker thread 169.
G4WT225 > ### Run 5 starts on worker thread 225.
G4WT243 > ### Run 5 starts on worker thread 243.
G4WT15 > ### Run 5 starts on worker thread 15.
G4WT321 > ### Run 5 starts on worker thread 321.
G4WT342 > ### Run 5 starts on worker thread 342.
G4WT416 > ### Run 5 starts on worker thread 416.
G4WT145 > ### Run 5 starts on worker thread 145.
G4WT49 > ### Run 5 starts on worker thread 49.
G4WT165 > ### Run 5 starts on worker thread 165.
G4WT331 > ### Run 5 starts on worker thread 331.
G4WT280 > ### Run 5 starts on worker thread 280.
G4WT358 > ### Run 5 starts on worker thread 358.
G4WT318 > ### Run 5 starts on worker thread 318.
G4WT303 > ### Run 5 starts on worker thread 303.
G4WT394 > ### Run 5 starts on worker thread 394.
G4WT60 > ### Run 5 starts on worker thread 60.
G4WT421 > ### Run 5 starts on worker thread 421.
G4WT68 > ### Run 5 starts on worker thread 68.
G4WT80 > ### Run 5 starts on worker thread 80.
G4WT487 > ### Run 5 starts on worker thread 487.
G4WT474 > ### Run 5 starts on worker thread 474.
G4WT93 > ### Run 5 starts on worker thread 93.
G4WT109 > ### Run 5 starts on worker thread 109.
G4WT258 > ### Run 5 starts on worker thread 258.
G4WT183 > ### Run 5 starts on worker thread 183.
G4WT213 > ### Run 5 starts on worker thread 213.
G4WT420 > ### Run 5 starts on worker thread 420.
G4WT246 > ### Run 5 starts on worker thread 246.
G4WT264 > ### Run 5 starts on worker thread 264.
G4WT91 > ### Run 5 starts on worker thread 91.
G4WT82 > ### Run 5 starts on worker thread 82.
G4WT104 > ### Run 5 starts on worker thread 104.
G4WT74 > ### Run 5 starts on worker thread 74.
G4WT312 > ### Run 5 starts on worker thread 312.
G4WT283 > ### Run 5 starts on worker thread 283.
G4WT46 > ### Run 5 starts on worker thread 46.
G4WT153 > ### Run 5 starts on worker thread 153.
G4WT400 > ### Run 5 starts on worker thread 400.
G4WT339 > ### Run 5 starts on worker thread 339.
G4WT427 > ### Run 5 starts on worker thread 427.
G4WT196 > ### Run 5 starts on worker thread 196.
G4WT81 > ### Run 5 starts on worker thread 81.
G4WT412 > ### Run 5 starts on worker thread 412.
G4WT413 > ### Run 5 starts on worker thread 413.
G4WT376 > ### Run 5 starts on worker thread 376.
G4WT452 > ### Run 5 starts on worker thread 452.
G4WT289 > ### Run 5 starts on worker thread 289.
G4WT405 > ### Run 5 starts on worker thread 405.
G4WT475 > ### Run 5 starts on worker thread 475.
G4WT328 > ### Run 5 starts on worker thread 328.
G4WT138 > ### Run 5 starts on worker thread 138.
G4WT423 > ### Run 5 starts on worker thread 423.
G4WT155 > ### Run 5 starts on worker thread 155.
G4WT272 > ### Run 5 starts on worker thread 272.
G4WT239 > ### Run 5 starts on worker thread 239.
G4WT374 > ### Run 5 starts on worker thread 374.
G4WT14 > ### Run 5 starts on worker thread 14.
G4WT346 > ### Run 5 starts on worker thread 346.
G4WT248 > ### Run 5 starts on worker thread 248.
G4WT135 > ### Run 5 starts on worker thread 135.
G4WT491 > ### Run 5 starts on worker thread 491.
G4WT304 > ### Run 5 starts on worker thread 304.
G4WT190 > ### Run 5 starts on worker thread 190.
G4WT190 > --> Event 1252 starts with initial seeds (46600704,131158).
G4WT353 > ### Run 5 starts on worker thread 353.
G4WT201 > ### Run 5 starts on worker thread 201.
G4WT284 > ### Run 5 starts on worker thread 284.
G4WT236 > ### Run 5 starts on worker thread 236.
G4WT461 > ### Run 5 starts on worker thread 461.
G4WT20 > ### Run 5 starts on worker thread 20.
G4WT13 > ### Run 5 starts on worker thread 13.
G4WT338 > ### Run 5 starts on worker thread 338.
G4WT471 > ### Run 5 starts on worker thread 471.
G4WT335 > ### Run 5 starts on worker thread 335.
G4WT37 > ### Run 5 starts on worker thread 37.
G4WT7 > ### Run 5 starts on worker thread 7.
G4WT8 > ### Run 5 starts on worker thread 8.
G4WT417 > ### Run 5 starts on worker thread 417.
G4WT494 > ### Run 5 starts on worker thread 494.
G4WT257 > ### Run 5 starts on worker thread 257.
G4WT267 > ### Run 5 starts on worker thread 267.
G4WT204 > ### Run 5 starts on worker thread 204.
G4WT211 > ### Run 5 starts on worker thread 211.
G4WT354 > ### Run 5 starts on worker thread 354.
G4WT247 > ### Run 5 starts on worker thread 247.
G4WT207 > ### Run 5 starts on worker thread 207.
G4WT468 > ### Run 5 starts on worker thread 468.
G4WT231 > ### Run 5 starts on worker thread 231.
G4WT235 > ### Run 5 starts on worker thread 235.
G4WT180 > ### Run 5 starts on worker thread 180.
G4WT291 > ### Run 5 starts on worker thread 291.
G4WT317 > ### Run 5 starts on worker thread 317.
G4WT71 > ### Run 5 starts on worker thread 71.
G4WT47 > ### Run 5 starts on worker thread 47.
G4WT3 > ### Run 5 starts on worker thread 3.
G4WT503 > ### Run 5 starts on worker thread 503.
G4WT144 > ### Run 5 starts on worker thread 144.
G4WT65 > ### Run 5 starts on worker thread 65.
G4WT473 > ### Run 5 starts on worker thread 473.
G4WT233 > ### Run 5 starts on worker thread 233.
G4WT464 > ### Run 5 starts on worker thread 464.
G4WT249 > ### Run 5 starts on worker thread 249.
G4WT121 > ### Run 5 starts on worker thread 121.
G4WT222 > ### Run 5 starts on worker thread 222.
G4WT297 > ### Run 5 starts on worker thread 297.
G4WT50 > ### Run 5 starts on worker thread 50.
G4WT64 > ### Run 5 starts on worker thread 64.
G4WT279 > ### Run 5 starts on worker thread 279.
G4WT256 > ### Run 5 starts on worker thread 256.
G4WT384 > ### Run 5 starts on worker thread 384.
G4WT130 > ### Run 5 starts on worker thread 130.
G4WT381 > ### Run 5 starts on worker thread 381.
G4WT125 > ### Run 5 starts on worker thread 125.
G4WT502 > ### Run 5 starts on worker thread 502.
G4WT92 > ### Run 5 starts on worker thread 92.
G4WT329 > ### Run 5 starts on worker thread 329.
G4WT39 > ### Run 5 starts on worker thread 39.
G4WT274 > ### Run 5 starts on worker thread 274.
G4WT311 > ### Run 5 starts on worker thread 311.
G4WT439 > ### Run 5 starts on worker thread 439.
G4WT12 > ### Run 5 starts on worker thread 12.
G4WT361 > ### Run 5 starts on worker thread 361.
G4WT290 > ### Run 5 starts on worker thread 290.
G4WT343 > ### Run 5 starts on worker thread 343.
G4WT389 > ### Run 5 starts on worker thread 389.
G4WT171 > ### Run 5 starts on worker thread 171.
G4WT408 > ### Run 5 starts on worker thread 408.
G4WT41 > ### Run 5 starts on worker thread 41.
G4WT33 > ### Run 5 starts on worker thread 33.
G4WT507 > ### Run 5 starts on worker thread 507.
G4WT154 > ### Run 5 starts on worker thread 154.
G4WT366 > ### Run 5 starts on worker thread 366.
G4WT216 > ### Run 5 starts on worker thread 216.
G4WT86 > ### Run 5 starts on worker thread 86.
G4WT176 > ### Run 5 starts on worker thread 176.
G4WT386 > ### Run 5 starts on worker thread 386.
G4WT162 > ### Run 5 starts on worker thread 162.
G4WT11 > ### Run 5 starts on worker thread 11.
G4WT209 > ### Run 5 starts on worker thread 209.
G4WT170 > ### Run 5 starts on worker thread 170.
G4WT23 > ### Run 5 starts on worker thread 23.
G4WT111 > ### Run 5 starts on worker thread 111.
G4WT252 > ### Run 5 starts on worker thread 252.
G4WT140 > ### Run 5 starts on worker thread 140.
G4WT262 > ### Run 5 starts on worker thread 262.
G4WT425 > ### Run 5 starts on worker thread 425.
G4WT467 > ### Run 5 starts on worker thread 467.
G4WT229 > ### Run 5 starts on worker thread 229.
G4WT98 > ### Run 5 starts on worker thread 98.
G4WT319 > ### Run 5 starts on worker thread 319.
G4WT112 > ### Run 5 starts on worker thread 112.
G4WT277 > ### Run 5 starts on worker thread 277.
G4WT419 > ### Run 5 starts on worker thread 419.
G4WT483 > ### Run 5 starts on worker thread 483.
G4WT505 > ### Run 5 starts on worker thread 505.
G4WT18 > ### Run 5 starts on worker thread 18.
G4WT200 > ### Run 5 starts on worker thread 200.
G4WT88 > ### Run 5 starts on worker thread 88.
G4WT433 > ### Run 5 starts on worker thread 433.
G4WT395 > ### Run 5 starts on worker thread 395.
G4WT347 > ### Run 5 starts on worker thread 347.
G4WT495 > ### Run 5 starts on worker thread 495.
G4WT263 > ### Run 5 starts on worker thread 263.
G4WT226 > ### Run 5 starts on worker thread 226.
G4WT177 > ### Run 5 starts on worker thread 177.
G4WT175 > ### Run 5 starts on worker thread 175.
G4WT90 > ### Run 5 starts on worker thread 90.
G4WT36 > ### Run 5 starts on worker thread 36.
G4WT496 > ### Run 5 starts on worker thread 496.
G4WT463 > ### Run 5 starts on worker thread 463.
G4WT148 > ### Run 5 starts on worker thread 148.
G4WT300 > ### Run 5 starts on worker thread 300.
G4WT476 > ### Run 5 starts on worker thread 476.
G4WT103 > ### Run 5 starts on worker thread 103.
G4WT163 > ### Run 5 starts on worker thread 163.
G4WT1 > ### Run 5 starts on worker thread 1.
G4WT73 > ### Run 5 starts on worker thread 73.
G4WT352 > ### Run 5 starts on worker thread 352.
G4WT510 > ### Run 5 starts on worker thread 510.
G4WT254 > ### Run 5 starts on worker thread 254.
G4WT168 > ### Run 5 starts on worker thread 168.
G4WT478 > ### Run 5 starts on worker thread 478.
G4WT402 > ### Run 5 starts on worker thread 402.
G4WT327 > ### Run 5 starts on worker thread 327.
G4WT411 > ### Run 5 starts on worker thread 411.
G4WT136 > ### Run 5 starts on worker thread 136.
G4WT261 > ### Run 5 starts on worker thread 261.
G4WT123 > ### Run 5 starts on worker thread 123.
G4WT287 > ### Run 5 starts on worker thread 287.
G4WT221 > ### Run 5 starts on worker thread 221.
G4WT133 > ### Run 5 starts on worker thread 133.
G4WT113 > ### Run 5 starts on worker thread 113.
G4WT197 > ### Run 5 starts on worker thread 197.
G4WT489 > ### Run 5 starts on worker thread 489.
G4WT45 > ### Run 5 starts on worker thread 45.
G4WT241 > ### Run 5 starts on worker thread 241.
G4WT273 > ### Run 5 starts on worker thread 273.
G4WT77 > ### Run 5 starts on worker thread 77.
G4WT281 > ### Run 5 starts on worker thread 281.
G4WT447 > ### Run 5 starts on worker thread 447.
G4WT266 > ### Run 5 starts on worker thread 266.
G4WT349 > ### Run 5 starts on worker thread 349.
G4WT179 > ### Run 5 starts on worker thread 179.
G4WT0 > ### Run 5 starts on worker thread 0.
G4WT95 > ### Run 5 starts on worker thread 95.
G4WT286 > ### Run 5 starts on worker thread 286.
G4WT310 > ### Run 5 starts on worker thread 310.
G4WT506 > ### Run 5 starts on worker thread 506.
G4WT486 > ### Run 5 starts on worker thread 486.
G4WT383 > ### Run 5 starts on worker thread 383.
G4WT437 > ### Run 5 starts on worker thread 437.
G4WT72 > ### Run 5 starts on worker thread 72.
G4WT53 > ### Run 5 starts on worker thread 53.
G4WT322 > ### Run 5 starts on worker thread 322.
G4WT462 > ### Run 5 starts on worker thread 462.
G4WT382 > ### Run 5 starts on worker thread 382.
G4WT270 > ### Run 5 starts on worker thread 270.
G4WT187 > ### Run 5 starts on worker thread 187.
G4WT275 > ### Run 5 starts on worker thread 275.
G4WT373 > ### Run 5 starts on worker thread 373.
G4WT32 > ### Run 5 starts on worker thread 32.
G4WT85 > ### Run 5 starts on worker thread 85.
G4WT188 > ### Run 5 starts on worker thread 188.
G4WT292 > ### Run 5 starts on worker thread 292.
G4WT293 > ### Run 5 starts on worker thread 293.
G4WT9 > ### Run 5 starts on worker thread 9.
G4WT24 > ### Run 5 starts on worker thread 24.
G4WT377 > ### Run 5 starts on worker thread 377.
G4WT44 > ### Run 5 starts on worker thread 44.
G4WT218 > ### Run 5 starts on worker thread 218.
G4WT191 > ### Run 5 starts on worker thread 191.
G4WT143 > ### Run 5 starts on worker thread 143.
G4WT357 > ### Run 5 starts on worker thread 357.
G4WT259 > ### Run 5 starts on worker thread 259.
G4WT35 > ### Run 5 starts on worker thread 35.
G4WT385 > ### Run 5 starts on worker thread 385.
G4WT333 > ### Run 5 starts on worker thread 333.
G4WT470 > ### Run 5 starts on worker thread 470.
G4WT26 > ### Run 5 starts on worker thread 26.
G4WT193 > ### Run 5 starts on worker thread 193.
G4WT250 > ### Run 5 starts on worker thread 250.
G4WT16 > ### Run 5 starts on worker thread 16.
G4WT142 > ### Run 5 starts on worker thread 142.
G4WT363 > ### Run 5 starts on worker thread 363.
G4WT149 > ### Run 5 starts on worker thread 149.
G4WT141 > ### Run 5 starts on worker thread 141.
G4WT477 > ### Run 5 starts on worker thread 477.
G4WT344 > ### Run 5 starts on worker thread 344.
G4WT455 > ### Run 5 starts on worker thread 455.
G4WT466 > ### Run 5 starts on worker thread 466.
G4WT6 > ### Run 5 starts on worker thread 6.
G4WT40 > ### Run 5 starts on worker thread 40.
G4WT167 > ### Run 5 starts on worker thread 167.
G4WT43 > ### Run 5 starts on worker thread 43.
G4WT448 > ### Run 5 starts on worker thread 448.
G4WT146 > ### Run 5 starts on worker thread 146.
G4WT255 > ### Run 5 starts on worker thread 255.
G4WT313 > ### Run 5 starts on worker thread 313.
G4WT302 > ### Run 5 starts on worker thread 302.
G4WT364 > ### Run 5 starts on worker thread 364.
G4WT17 > ### Run 5 starts on worker thread 17.
G4WT94 > ### Run 5 starts on worker thread 94.
G4WT373 > --> Event 1878 starts with initial seeds (82008167,79687857).
G4WT341 > --> Event 626 starts with initial seeds (57094763,93777490).
Graphics systems deleted.
Visualization Manager deleting...
